id,Title,Year of release,Running time,Movie Rated,Rating,Description,Director
0, The Shawshank Redemption,1994,2h 22m,R,9.3,"A banker convicted of uxoricide forms a friendship over a quarter century with a hardened convict, while maintaining his innocence and trying to remain hopeful through simple compassion.",Frank Darabont
1, The Godfather,1972,2h 55m,R,9.2,The aging patriarch of an organized crime dynasty transfers control of his clandestine empire to his reluctant son.,Francis Ford Coppola
2, Pulp Fiction,1994,2h 34m,R,8.9,"The lives of two mob hitmen, a boxer, a gangster and his wife, and a pair of diner bandits intertwine in four tales of violence and redemption.",Quentin Tarantino
3, The Godfather Part II,1974,3h 22m,R,9,"The early life and career of Vito Corleone in 1920s New York City is portrayed, while his son, Michael, expands and tightens his grip on the family crime syndicate.",Francis Ford Coppola
4, Inception,2010,2h 28m,PG-13,8.8,"A thief who steals corporate secrets through the use of dream-sharing technology is given the inverse task of planting an idea into the mind of a C.E.O., but his tragic past may doom the project and his team to disaster.",Christopher Nolan
5, The Lord of the Rings: The Return of the King,2003,3h 21m,PG-13,9,Gandalf and Aragorn lead the World of Men against Sauron's army to draw his gaze from Frodo and Sam as they approach Mount Doom with the One Ring.,Peter Jackson
6, Star Wars: Episode IV - A New Hope,1977,2h 1m,PG,8.6,"Luke Skywalker joins forces with a Jedi Knight, a cocky pilot, a Wookiee and two droids to save the galaxy from the Empire's world-destroying battle station, while also attempting to rescue Princess Leia from the mysterious Darth Vader.",George Lucas
7, The Lord of the Rings: The Fellowship of the Ring,2001,2h 58m,PG-13,8.9,A meek Hobbit from the Shire and eight companions set out on a journey to destroy the powerful One Ring and save Middle-earth from the Dark Lord Sauron.,Peter Jackson
8, The Matrix,1999,2h 16m,R,8.7,"When a beautiful stranger leads computer hacker Neo to a forbidding underworld, he discovers the shocking truth--the life he knows is the elaborate deception of an evil cyber-intelligence.",Lana Wachowski
9, Se7en,1995,2h 7m,R,8.6,"Two detectives, a rookie and a veteran, hunt a serial killer who uses the seven deadly sins as his motives.",David Fincher
10, Amélie,2001,2h 2m,R,8.3,"Despite being caught in her imaginative world, Amelie, a young waitress, decides to help people find happiness. Her quest to spread joy leads her on a journey where she finds true love.",Jean-Pierre Jeunet
11, Terminator 2: Judgment Day,1991,2h 17m,R,8.6,"A cyborg, identical to the one who failed to kill Sarah Connor, must now protect her ten year old son John from an even more advanced and powerful cyborg.",James Cameron
13, Zombieland,2009,1h 28m,R,7.5,"A shy student trying to reach his family in Ohio, a gun-toting bruiser in search of the last Twinkie and a pair of sisters striving to get to an amusement park join forces in a trek across a zombie-filled America.",Ruben Fleischer
14, Shaun of the Dead,2004,1h 39m,R,7.9,"The uneventful, aimless lives of a London electronics salesman and his layabout roommate are disrupted by the zombie apocalypse.",Edgar Wright
15, I Am Legend,2007,1h 41m,PG-13,7.2,"Years after a plague kills most of humanity and transforms the rest into monsters, the sole survivor in New York City struggles valiantly to find a cure.",Francis Lawrence
16, The Crazies,2010,1h 41m,R,6.5,"After a strange and insecure plane crash, an unusual toxic virus enters a quaint farming town. A young couple are quarantined, but they fight for survival along with help from a couple of people.",Breck Eisner
17, Grindhouse,2007,3h 11m,R,7.5,Quentin Tarantino and Robert Rodriguez's homage to exploitation double features in the '60s and '70s with two back-to-back cult films that include previews of coming attractions between them.,Robert Rodriguez
18, 28 Days Later,2002,1h 53m,R,7.5,"Four weeks after a mysterious, incurable virus spreads throughout the United Kingdom, a handful of survivors try to find sanctuary.",Danny Boyle
19, 28 Weeks Later,2007,1h 40m,R,6.9,"Six months after the rage virus was inflicted on the population of Great Britain, the US Army helps to secure a small area of London for the survivors to repopulate and start again. But not everything goes according to plan.",Juan Carlos Fresnadillo
20, Resident Evil: Extinction,2007,1h 34m,R,6.2,"Survivors of the Raccoon City catastrophe travel across the Nevada desert, hoping to make it to Alaska. Alice joins the caravan and their fight against the evil Umbrella Corp.",Russell Mulcahy
21, Dawn of the Dead,2004,1h 41m,R,7.3,"A nurse, a policeman, a young married couple, a salesman and other survivors of a worldwide plague that is producing aggressive, flesh-eating zombies, take refuge in a mega Midwestern shopping mall.",Zack Snyder
22, Resident Evil,2002,1h 40m,R,6.6,"A special military unit fights a powerful, out-of-control supercomputer and hundreds of scientists who have mutated into flesh-eating creatures after a laboratory accident.",Paul W.S. Anderson
23, Planet Terror,2007,1h 45m,R,7,"After an experimental bio-weapon is released, turning thousands into zombie-like creatures, it's up to a rag-tag group of survivors to stop the infected and those behind its release.",Robert Rodriguez
24, Army of Darkness,1992,1h 21m,R,7.4,"When Ash Williams is accidentally transported to 1300 A.D., he must retrieve the Necronomicon and battle an army of the dead in order to return home.",Sam Raimi
25, Dead Snow,2009,1h 31m,Not Rated,6.3,"A ski vacation turns horrific for a group of medical students, as they find themselves confronted by an unimaginable menace: Nazi zombies.",Tommy Wirkola
26, Resident Evil: Apocalypse,2004,1h 34m,R,6.1,"Alice wakes up in the Raccoon City hospital after the area has been overrun by zombies, and must now make it out of the city before a nuclear bomb is dropped.",Alexander Witt
27, Doom,2005,1h 45m,R,5.2,Space Marines are sent to investigate strange events at a research facility on Mars but find themselves at the mercy of genetically enhanced killing machines.,Andrzej Bartkowiak
28, Dead Alive,1992,1h 44m,R,7.5,"A young man's mother is bitten by a Sumatran rat-monkey. She gets sick and dies, at which time she comes back to life, killing and eating dogs, nurses, friends, and neighbors.",Peter Jackson
29, Land of the Dead,2005,1h 33m,R,6.2,"The living dead have taken over the world, and the last humans live in a walled city to protect themselves as they come to grips with the situation.",George A. Romero
30, Dawn of the Dead,1978,2h 7m,Unrated,7.8,"During an escalating zombie epidemic, two Philadelphia SWAT team members, a traffic reporter and his TV executive girlfriend seek refuge in a secluded shopping mall.",George A. Romero
31, Night of the Living Dead,1968,1h 36m,R,7.8,A ragtag group of Pennsylvanians barricade themselves in an old farmhouse to remain safe from a horde of flesh-eating ghouls that are ravaging the Northeast of the United States.,George A. Romero
32, Quarantine,2008,1h 29m,R,6,"A television reporter and her cameraman are trapped inside a building quarantined by the CDC, after the outbreak of a mysterious virus which turns humans into bloodthirsty killers.",John Erick Dowdle
33, Survival of the Dead,2009,1h 30m,R,4.8,"On an island off the coast of North America, local residents simultaneously fight a zombie epidemic while hoping for a cure to return their un-dead relatives back to their human state.",George A. Romero
34, Diary of the Dead,2007,1h 35m,R,5.5,A group of young film students run into real-life zombies while filming a horror movie of their own.,George A. Romero
35, Pet Sematary,1989,1h 43m,R,6.5,"After tragedy strikes, a grieving father discovers an ancient burial ground behind his home with the power to raise the dead.",Mary Lambert
36, The Return of the Living Dead,1985,1h 31m,R,7.3,"When two bumbling employees at a medical supply warehouse accidentally release a deadly gas into the air, the vapors cause the dead to rise again as zombies.",Dan O'Bannon
37, Day of the Dead,2008,1h 26m,R,4.5,When a small Colorado town is overrun by the flesh hungry dead a small group of survivors try to escape in a last ditch effort to stay alive.,Steve Miner
38, Black Swan,2010,1h 48m,R,8,"Nina is a talented but unstable ballerina on the verge of stardom. Pushed to the breaking point by her artistic director and a seductive rival, Nina's grip on reality slips, plunging her into a waking nightmare.",Darren Aronofsky
39, The Green Hornet,2011,1h 59m,PG-13,5.8,"Following the death of his father, Britt Reid, heir to his father's large company, teams up with his late dad's assistant Kato to become a masked crime fighting team.",Michel Gondry
40, xXx,2002,2h 4m,PG-13,5.8,"The US government recruits extreme sports athlete Xander Cage to infiltrate a Russian criminal ring, which is plotting the destruction of the world.",Rob Cohen
41, The Hangover,2009,1h 40m,R,7.7,"Three buddies wake up from a bachelor party in Las Vegas, with no memory of the previous night and the bachelor missing. They make their way around the city in order to find their friend before his wedding.",Todd Phillips
42, Night of the Living Dead,1990,1h 32m,R,6.8,"When the unburied dead return to life and seek human victims, seven refugees shelter in a house in the Pennsylvanian countryside.",Tom Savini
43, The Fast and the Furious: Tokyo Drift,2006,1h 44m,PG-13,6.1,A teenager becomes a major competitor in the world of drift racing after moving in with his father in Tokyo to avoid a jail sentence in America.,Justin Lin
44, A Clockwork Orange,1971,2h 16m,R,8.2,Alex DeLarge and his droogs barbarize a decaying near-future.,Stanley Kubrick
45, Aliens,1986,2h 17m,R,8.4,"Decades after surviving the Nostromo incident, Ellen Ripley is sent out to re-establish contact with a terraforming colony but finds herself battling the Alien Queen and her offspring.",James Cameron
46, Requiem for a Dream,2000,1h 42m,NC-17,8.3,The drug-induced utopias of four Coney Island people are shattered when their addictions run deep..,Darren Aronofsky
47, The Prestige,2006,2h 10m,PG-13,8.5,"After a tragic accident, two stage magicians in 1890s London engage in a battle to create the ultimate illusion while sacrificing everything they have to outwit each other.",Christopher Nolan
48, Reservoir Dogs,1992,1h 39m,R,8.3,"When a simple jewelry heist goes horribly wrong, the surviving criminals begin to suspect that one of them is a police informant.",Quentin Tarantino
49, Back to the Future,1985,1h 56m,PG,8.5,"Marty McFly, a 17-year-old high school student, is accidentally sent 30 years into the past in a time-traveling DeLorean invented by his close friend, the maverick scientist Doc Brown.",Robert Zemeckis
50, Monty Python and the Holy Grail,1975,1h 31m,PG,8.2,"King Arthur and his Knights of the Round Table embark on a surreal, low-budget search for the Holy Grail, encountering many, very silly obstacles.",Terry Gilliam
51, The Green Mile,1999,3h 9m,R,8.6,"A tale set on death row, where gentle giant John Coffey possesses the mysterious power to heal people's ailments. When the lead guard, Paul Edgecombe, recognizes John's gift, he tries to help stave off the condemned man's execution.",Frank Darabont
52, Braveheart,1995,2h 58m,R,8.3,Scottish warrior William Wallace leads his countrymen in a rebellion to free his homeland from the tyranny of King Edward I of England.,Mel Gibson
53, 2001: A Space Odyssey,1968,2h 29m,G,8.3,"After uncovering a mysterious artifact buried beneath the Lunar surface, a spacecraft is sent to Jupiter to find its origins: a spacecraft manned by two men and the supercomputer HAL 9000.",Stanley Kubrick
54, Downfall,2004,2h 36m,R,8.2,"Traudl Junge, the final secretary for Adolf Hitler, tells of the Nazi dictator's final days in his Berlin bunker at the end of WWII.",Oliver Hirschbiegel
55, Gladiator,2000,2h 35m,R,8.5,A former Roman General sets out to exact vengeance against the corrupt emperor who murdered his family and sent him into slavery.,Ridley Scott
56, Inglourious Basterds,2009,2h 33m,R,8.4,"In Nazi-occupied France during World War II, a plan to assassinate Nazi leaders by a group of Jewish U.S. soldiers coincides with a theatre owner's vengeful plans for the same.",Quentin Tarantino
57, Harry Potter and the Deathly Hallows: Part 1,2010,2h 26m,PG-13,7.7,"As Harry, Ron and Hermione race against time and evil to destroy the Horcruxes, they uncover the existence of the three most powerful objects in the wizarding world: the Deathly Hallows.",David Yates
58, The Dark Knight,2008,2h 32m,PG-13,9,"When the menace known as the Joker wreaks havoc and chaos on the people of Gotham, Batman, James Gordon and Harvey Dent must work together to put an end to the madness.",Christopher Nolan
59, The Mechanic,2011,1h 33m,R,6.5,An elite hitman teaches his trade to an apprentice who has a connection to one of his previous victims.,Simon West
60, The Social Network,2010,2h,PG-13,7.8,"As Harvard student Mark Zuckerberg creates the social networking site that would become known as Facebook, he is sued by the twins who claimed he stole their idea and by the co-founder who was later squeezed out of the business.",David Fincher
61, Avatar,2009,2h 42m,PG-13,7.9,A paraplegic Marine dispatched to the moon Pandora on a unique mission becomes torn between following his orders and protecting the world he feels is his home.,James Cameron
62, Scott Pilgrim vs,2010,1h 52m,PG-13,7.6,"In a magically realistic version of Toronto, a young man must defeat his new girlfriend's seven evil exes one by one in order to win her heart.",Edgar Wright
63, Kick-Ass,2010,1h 57m,R,7.6,"Dave Lizewski is an unnoticed high school student and comic book fan who one day decides to become a superhero, even though he has no powers, training or meaningful reason to do so.",Matthew Vaughn
64, Due Date,2010,1h 35m,R,6.5,High-strung father-to-be Peter Highman is forced to hitch a ride with aspiring actor Ethan Tremblay on a road trip in order to make it to his child's birth on time.,Todd Phillips
65, The Other Guys,2010,1h 47m,PG-13,6.6,"Two mismatched New York City detectives seize an opportunity to step up like the city's top cops, whom they idolize, only things don't quite go as planned.",Adam McKay
66, Twilight,2008,2h 2m,PG-13,5.3,"When Bella Swan moves to a small town in the Pacific Northwest, she falls in love with Edward Cullen, a mysterious classmate who reveals himself to be a 108-year-old vampire.",Catherine Hardwicke
67, Fight Club,1999,2h 19m,R,8.8,An insomniac office worker and a devil-may-care soap maker form an underground fight club that evolves into much more.,David Fincher
68, Batman Begins,2005,2h 20m,PG-13,8.2,"After witnessing his parents' death, Bruce learns the art of fighting to confront injustice. When he returns to Gotham as Batman, he must stop a secret society that intends to destroy the city.",Christopher Nolan
69, Die Hard,1988,2h 12m,R,8.2,A New York City police officer tries to save his estranged wife and several others taken hostage by terrorists during a Christmas party at the Nakatomi Plaza in Los Angeles.,John McTiernan
70, Hotel Rwanda,2004,2h 1m,PG-13,8.1,"Paul Rusesabagina, a hotel manager, houses over a thousand Tutsi refugees during their struggle against the Hutu militia in Rwanda, Africa.",Terry George
71, Heat,1995,2h 50m,R,8.3,A group of high-end professional thieves start to feel the heat from the LAPD when they unknowingly leave a verbal clue at their latest heist.,Michael Mann
72, Jaws,1975,2h 4m,PG,8.1,"When a killer shark unleashes chaos on a beach community off Cape Cod, it's up to a local sheriff, a marine biologist, and an old seafarer to hunt the beast down.",Steven Spielberg
73, Snatch,2000,1h 42m,R,8.2,"Unscrupulous boxing promoters, violent bookmakers, a Russian gangster, incompetent amateur robbers and supposedly Jewish jewelers fight to track down a priceless stolen diamond.",Guy Ritchie
74, No Country for Old Men,2007,2h 2m,R,8.2,Violence and mayhem ensue after a hunter stumbles upon the aftermath of a drug deal gone wrong and over two million dollars in cash near the Rio Grande.,Ethan Coen
75, The Lion King,1994,1h 28m,G,8.5,"Lion prince Simba and his father are targeted by his bitter uncle, who wants to ascend the throne himself.",Roger Allers
76, The Big Lebowski,1998,1h 57m,R,8.1,"Jeff ""The Dude"" Lebowski, mistaken for a millionaire of the same name, seeks restitution for his ruined rug and enlists his bowling buddies to help get it.",Joel Coen
77, Donnie Darko,2001,1h 53m,R,8,"After narrowly escaping a bizarre accident, a troubled teenager is plagued by visions of a man in a large rabbit suit who manipulates him to commit a series of crimes.",Richard Kelly
78, Into the Wild,2007,2h 28m,R,8.1,"After graduating from Emory University, top student and athlete Christopher McCandless abandons his possessions, gives his entire $24,000 savings account to charity and hitchhikes to Alaska to live in the wilderness.",Sean Penn
79, The Sixth Sense,1999,1h 47m,PG-13,8.2,"Malcolm Crowe, a child psychologist, starts treating a young boy, Cole, who encounters dead people and convinces him to help them. In turn, Cole helps Malcolm reconcile with his estranged wife.",M. Night Shyamalan
80, District 9,2009,1h 52m,R,7.9,"Thirty years ago, aliens arrive on Earth to find refuge. Separated from humans in a District 9, they are managed by Multi-National United. When a field agent contracts a virus that begins to alter his DNA, there is only one place to hide.",Neill Blomkamp
81, Gone with the Wind,1939,3h 58m,G,8.2,A sheltered and manipulative Southern belle and a roguish profiteer face off in a turbulent romance as the society around them crumbles with the end of slavery and is rebuilt during the Civil War and Reconstruction periods.,Victor Fleming
82, Kill Bill: Vol,2003,1h 51m,R,8.2,"After waking from a 4-year coma, a former assassin wreaks vengeance on the team of assassins who betrayed her.",Quentin Tarantino
83, Toy Story,1995,1h 21m,G,8.3,A cowboy doll is profoundly threatened and jealous when a new spaceman action figure supplants him as top toy in a boy's bedroom.,John Lasseter
84, Scarface,1983,2h 50m,R,8.3,"Miami in the 1980s: a determined criminal minded Cuban immigrant, becomes the biggest drug smuggler in Florida, and is eventually undone by his own drug addiction.",Brian De Palma
85, 2 Fast 2 Furious,2003,1h 47m,PG-13,5.9,Former cop Brian O'Conner is called upon to bust a dangerous criminal and he recruits the help of a former childhood friend and street racer who has a chance to redeem himself.,John Singleton
86, The Departed,2006,2h 31m,R,8.5,An undercover cop and a mole in the police attempt to identify each other while infiltrating an Irish gang in South Boston.,Martin Scorsese
87, Pirates of the Caribbean: The Curse of the Black Pearl,2003,2h 23m,PG-13,8.1,"Blacksmith Will Turner teams up with eccentric pirate ""Captain"" Jack Sparrow to save Elizabeth Swann, the governor's daughter and his love, from Jack's former pirate allies, who are now undead.",Gore Verbinski
88, Iron Man 2,2010,2h 4m,PG-13,6.9,"With the world now aware of his identity as Iron Man, Tony Stark must contend with both his declining health and a vengeful mad man with ties to his father's legacy.",Jon Favreau
89, Machete,2010,1h 45m,R,6.6,"After being set-up and betrayed by the man who hired him to assassinate a Texas Senator, an ex-Federale launches a brutal rampage of revenge against his former boss.",Ethan Maniquis
90, The Expendables,2010,1h 43m,R,6.4,A CIA operative hires a team of mercenaries to eliminate a Latin dictator and a renegade CIA agent.,Sylvester Stallone
91, Salt,2010,1h 40m,PG-13,6.5,A CIA agent goes on the run after a defector accuses her of being a Russian spy.,Phillip Noyce
92, The Sorcerer's Apprentice,2010,1h 49m,PG,6.1,A protege of the magician Merlin must train his teacher's successor - an introverted but resourceful physics prodigy - in the art of sorcery to prevent the return of Morgana le Fay.,Jon Turteltaub
93, Alice in Wonderland,2010,1h 48m,PG,6.4,"Nineteen-year-old Alice returns to the magical world from her childhood adventure, where she reunites with her old friends and learns of her true destiny: to end the Red Queen's reign of terror.",Tim Burton
94, Harry Potter and the Sorcerer's Stone,2001,2h 32m,PG,7.6,"An orphaned boy enrolls in a school of wizardry, where he learns the truth about himself, his family and the terrible evil that haunts the magical world.",Chris Columbus
95, Grown Ups,2010,1h 42m,PG-13,6,"After their high school basketball coach passes away, five good friends and former teammates reunite for a Fourth of July holiday weekend.",Dennis Dugan
96,300,2006,1h 57m,R,7.6,"In the ancient battle of Thermopylae, King Leonidas and 300 Spartans fight against Xerxes and his massive Persian army.",Zack Snyder
97, The Wrestler,2008,1h 49m,R,7.9,"A faded professional wrestler must retire, but finds his quest for a new life outside the ring a dispiriting struggle.",Darren Aronofsky
98, Gandhi,1982,3h 11m,PG,8,The life of the lawyer who became the famed leader of the Indian revolts against the British rule through his philosophy of nonviolent protest.,Richard Attenborough
99, The Terminator,1984,1h 47m,R,8.1,"The Terminator, a cyborg assassin from the future, attempts to find and kill Sarah Connor, a waitress who is destined to give birth to a man who will save humankind from extinction.",James Cameron
100, 12 Monkeys,1995,2h 9m,R,8,"In a future world devastated by disease, a convict is sent back in time to gather information about the man-made virus that wiped out most of the human population on the planet.",Terry Gilliam
101, Good Will Hunting,1997,2h 6m,R,8.3,"Will Hunting, a janitor at MIT, has a gift for mathematics, but needs help from a psychologist to find direction in his life.",Gus Van Sant
102, Let the Right One In,2008,1h 54m,R,7.8,"Oskar, an overlooked and bullied boy, finds love and revenge through Eli, a beautiful but peculiar girl.",Tomas Alfredson
103, The Exorcist,1973,2h 2m,R,8.1,"When a mysterious entity possesses a young girl, her mother seeks the help of two Catholic priests to save her life.",William Friedkin
104, Rocky,1976,2h,PG,8.1,A small-time Philadelphia boxer gets a supremely rare chance to fight the world heavyweight champion in a bout in which he strives to go the distance for his self-respect.,John G. Avildsen
105, Big Fish,2003,2h 5m,PG-13,8,A frustrated son tries to determine the fact from fiction in his dying father's life.,Tim Burton
106, Beauty and the Beast,1991,1h 24m,G,8,A prince cursed to spend his days as a hideous monster sets out to regain his humanity by earning a young woman's love.,Gary Trousdale
107, Mystic River,2003,2h 18m,R,7.9,"The tragic murder of a 19-year-old girl reunites three childhood friends still living in Boston--the victim's gangster father, a detective, and the disturbed man they both suspect of killing her.",Clint Eastwood
108, Shutter Island,2010,2h 18m,R,8.2,"Teddy Daniels and Chuck Aule, two US marshals, are sent to an asylum on a remote island in order to investigate the disappearance of a patient, where Teddy uncovers a shocking truth about the place.",Martin Scorsese
109, Buried,2010,1h 35m,R,7,Paul is a U.S. truck driver working in Iraq. After an attack by a group of Iraqis he wakes to find he is buried alive inside a coffin. With only a lighter and a cell phone it's a race against time to escape this claustrophobic death trap.,Rodrigo Cortés
110, The Bank Job,2008,1h 51m,R,7.2,Martine offers Terry a lead on a foolproof bank hit on London's Baker Street. She targets a roomful of safe deposit boxes worth millions in cash and jewelry along with a treasure trove of dirty secrets.,Roger Donaldson
111, Robin Hood,2010,2h 20m,PG-13,6.6,"In twelfth-century England, Robin Longstride and his band of marauders confront corruption in a local village and lead an uprising against the crown that will forever alter the balance of world power.",Ridley Scott
112, Saving Private Ryan,1998,2h 49m,R,8.6,"Following the Normandy Landings, a group of U.S. soldiers go behind enemy lines to retrieve a paratrooper whose brothers have been killed in action.",Steven Spielberg
113, A Perfect Getaway,2009,1h 38m,R,6.5,Two pairs of lovers on a Hawaiian vacation discover that psychopaths are stalking and murdering tourists on the islands.,David Twohy
114, Sherlock Holmes,2009,2h 8m,PG-13,7.6,Detective Sherlock Holmes and his stalwart partner Watson engage in a battle of wits and brawn with a nemesis whose plot is a threat to all of England.,Guy Ritchie
115, Sin City,2005,2h 4m,R,8,"An exploration of the dark and miserable Basin City and three of its residents, all of whom are caught up in violent corruption.",Frank Miller
116, Harry Potter and the Half-Blood Prince,2009,2h 33m,PG,7.6,"As Harry Potter begins his sixth year at Hogwarts, he discovers an old book marked as ""the property of the Half-Blood Prince"" and begins to learn more about Lord Voldemort's dark past.",David Yates
117, Star Wars: Episode I - The Phantom Menace,1999,2h 16m,PG,6.5,"Two Jedi escape a hostile blockade to find allies and come across a young boy who may bring balance to the Force, but the long dormant Sith resurface to claim their original glory.",George Lucas
118, X-Men Origins: Wolverine,2009,1h 47m,PG-13,6.5,"The early years of James Logan, featuring his rivalry with his brother Victor Creed, his service in the special forces team Weapon X, and his experimentation into the metal-lined mutant Wolverine.",Gavin Hood
119, Watchmen,2009,2h 42m,R,7.6,"In a version of 1985 where superheroes exist, the murder of a colleague sends active vigilante Rorschach on the trail of a conspiracy that will change the course of history.",Zack Snyder
120, The Book of Eli,2010,1h 58m,R,6.8,"A drifter fights his way across a ravaged, post-apocalyptic America while protecting a sacred book that holds the secrets to humanity's salvation.",Albert Hughes
121, Prince of Persia: The Sands of Time,2010,1h 56m,PG-13,6.6,A young fugitive prince and princess must stop a villain who unknowingly threatens to destroy the world with a special dagger that enables the magic sand inside to reverse time.,Mike Newell
122, Shrek Forever After,2010,1h 33m,PG,6.3,Rumpelstiltskin tricks a mid-life crisis burdened Shrek into allowing himself to be erased from existence and cast in a dark alternate timeline where Rumpelstiltskin rules supreme.,Mike Mitchell
123, Predators,2010,1h 47m,R,6.4,A group of elite warriors parachute into an unfamiliar jungle and are hunted by members of a merciless alien race.,Nimród Antal
124, Superbad,2007,1h 53m,R,7.6,Two co-dependent high school seniors are forced to deal with separation anxiety after their plan to stage a booze-soaked party goes awry.,Greg Mottola
125, American Pie,1999,1h 35m,R,7,Four teenage boys enter a pact to lose their virginity by prom night.,Paul Weitz
126, Scream,1996,1h 51m,R,7.4,"A year after the murder of her mother, a teenage girl is terrorized by a masked killer who targets her and her friends by using scary movies as part of a deadly game.",Wes Craven
127, Star Wars: Episode V - The Empire Strikes Back,1980,2h 4m,PG,8.7,"After the Empire overpowers the Rebel Alliance, Luke Skywalker begins his Jedi training with Yoda. At the same time, Darth Vader and bounty hunter Boba Fett pursue his friends across the galaxy.",Irvin Kershner
128, Finding Nemo,2003,1h 40m,G,8.2,"After his son is captured in the Great Barrier Reef and taken to Sydney, a timid clownfish sets out on a journey to bring him home.",Andrew Stanton
129, Love Actually,2003,2h 15m,R,7.6,"Follows the lives of eight very different couples in dealing with their love lives in various loosely interrelated tales all set during a frantic month before Christmas in London, England.",Richard Curtis
130, The Incredible Hulk,2008,1h 52m,PG-13,6.6,"Bruce Banner, a scientist on the run from the U.S. Government, must find a cure for the monster he turns into whenever he loses his temper.",Louis Leterrier
131, Harry Potter and the Goblet of Fire,2005,2h 37m,PG-13,7.7,"Harry Potter finds himself competing in a hazardous tournament between rival schools of magic, but he is distracted by recurring nightmares.",Mike Newell
132, A Nightmare on Elm Street,2010,1h 35m,R,5.2,"The spectre of a disfigured man haunts the children of the parents who murdered him, stalking and killing them in their dreams.",Samuel Bayer
133, I Spit on Your Grave,2010,1h 48m,R,6.2,"A writer who is brutalized during her cabin retreat seeks revenge on her attackers, who left her for dead.",Steven R. Monroe
134, Troy,2004,2h 43m,R,7.3,"An adaptation of Homer's great epic, the film follows the assault on Troy by the united Greek forces.",Wolfgang Petersen
135, Star Wars: Episode III - Revenge of the Sith,2005,2h 20m,PG-13,7.6,"Three years into the Clone Wars, Obi-Wan Kenobi pursues a new threat, while Anakin Skywalker is lured by Chancellor Palpatine into a sinister plot to rule the galaxy.",George Lucas
136, Percy Jackson & the Olympians: The Lightning Thief,2010,1h 58m,PG,5.9,A teenager discovers he's the descendant of a Greek god and sets out on an adventure to settle an on-going battle between the gods.,Chris Columbus
137, Knocked Up,2007,2h 9m,R,6.9,"For fun-loving party animal Ben Stone, the last thing he ever expected was for his one-night stand to show up on his doorstep eight weeks later to tell him she's pregnant with his child.",Judd Apatow
138, Juno,2007,1h 36m,PG-13,7.4,"Faced with an unplanned pregnancy, an offbeat young woman makes a selfless decision regarding the unborn child.",Jason Reitman
139, X-Men,2000,1h 44m,PG-13,7.3,"In a world where mutants (evolved super-powered humans) exist and are discriminated against, two groups form for an inevitable clash: the supremacist Brotherhood, and the pacifist X-Men.",Bryan Singer
140, Zack and Miri Make a Porno,2008,1h 41m,R,6.5,"Lifelong platonic friends Zack and Miri look to solve their respective cash-flow problems by making an adult film together. As the cameras roll, however, the duo begin to sense that they may have more feelings for each other than they previously thought.",Kevin Smith
141, Law Abiding Citizen,2009,1h 49m,R,7.4,A frustrated man decides to take justice into his own hands after a plea bargain sets one of his family's killers free.,F. Gary Gray
142, American Psycho,2000,1h 42m,R,7.6,"A wealthy New York City investment banking executive, Patrick Bateman, hides his alternate psychopathic ego from his co-workers and friends as he delves deeper into his violent, hedonistic fantasies.",Mary Harron
143, YPF,2007,1h 27m,Not Rated,6.2,"On a Tuesday night, five couples have separate sexual adventures.",Martin Gero
144, X-Men: The Last Stand,2006,1h 44m,PG-13,6.6,"The human government develops a cure for mutations, and Jean Grey becomes a darker uncontrollable persona called the Phoenix who allies with Magneto, causing escalation into an all-out battle for the X-Men.",Brett Ratner
145, The Road,2009,1h 51m,R,7.2,"In a dangerous post-apocalyptic world, an ailing father defends his son as they slowly travel to the sea.",John Hillcoat
146, Public Enemies,2009,2h 20m,R,6.9,"The Feds try to take down notorious American gangsters John Dillinger, Baby Face Nelson, and Pretty Boy Floyd during a booming crime wave in the 1930s.",Michael Mann
147, Live Free or Die Hard,2007,2h 8m,PG-13,7.1,John McClane and a young hacker join forces to take down master cyber-terrorist Thomas Gabriel in Washington D.C.,Len Wiseman
148, Wanted,2008,1h 50m,R,6.7,"A frustrated office worker discovers that he is the son of a professional assassin, and that he shares his father's superhuman killing abilities.",Timur Bekmambetov
149, The Lord of the Rings: The Two Towers,2002,2h 59m,PG-13,8.8,"While Frodo and Sam edge closer to Mordor with the help of the shifty Gollum, the divided fellowship makes a stand against Sauron's new ally, Saruman, and his hordes of Isengard.",Peter Jackson
150, Forgetting Sarah Marshall,2008,1h 51m,R,7.1,"Devastated Peter takes a Hawaiian vacation in order to deal with the recent break-up with his TV star girlfriend, Sarah. Little does he know, Sarah's traveling to the same resort as her ex - and she's bringing along her new boyfriend.",Nicholas Stoller
151, The Pianist,2002,2h 30m,R,8.5,"During WWII, acclaimed Polish musician Wladyslaw faces various struggles as he loses contact with his family. As the situation worsens, he hides in the ruins of Warsaw in order to survive.",Roman Polanski
152, Tropic Thunder,2008,1h 47m,R,7.1,"Through a series of freak occurrences, a group of actors shooting a big-budget war movie are forced to become the soldiers they are portraying.",Ben Stiller
153, Death Race,2008,1h 45m,R,6.4,Ex-con Jensen Ames is forced by the warden of a notorious prison to compete in our post-industrial world's most popular sport: a car race in which inmates must brutalize and kill one another on the road to victory.,Paul W.S. Anderson
154, Alien,1979,1h 57m,R,8.5,"After investigating a mysterious transmission of unknown origin, the crew of a commercial spacecraft encounters a deadly lifeform.",Ridley Scott
155, The Last Airbender,2010,1h 43m,PG,4,"Aang, a young successor to a long line of Avatars, must master all four elements and stop the Fire Nation from enslaving the Water Tribes and the Earth Kingdom.",M. Night Shyamalan
156, Stardust,2007,2h 7m,PG-13,7.6,"In a countryside town bordering on a magical land, a young man makes a promise to his beloved that he'll retrieve a fallen star by venturing into the magical realm.",Matthew Vaughn
157, Day of the Dead,1985,1h 41m,Not Rated,7.1,"As the world is overrun by zombies, a group of scientists and military personnel sheltering in an underground bunker in Florida must decide on how they should deal with the undead horde.",George A. Romero
158, Fido,2006,1h 33m,R,6.7,"In an Earthly world resembling the 1950s, a cloud of space radiation has shrouded the planet, resulting in the dead becoming zombies that desire live human flesh. A company called Zomcon has been able to control the zombie population. Zombies can be temporarily neutralized by being shot, but can only be permanently neutralized by their brain being destroyed. Their ultimate disposal is through cremation, or burial, the latter which requires decapitation with the head being buried separately from the body. Conversely, Zomcon has created the domestication collar, when activated and placed on a zombie makes the zombie controllable, and thus an eternally productive creature within society. Because all dead initially become zombies, the elderly are viewed negatively and suspectly. And all people, adult or child, learn to shoot to kill to protect society. Zomcon is the go to organization for all things zombie. In the town of Willard, the Robinsons - father Bill (Dylan Baker), mother Helen (Carrie-Anne Moss), and adolescent son Timmy (Kesun Loder) - are one family who don't own a zombie as a domestic, since Bill is afraid of zombies, as, when he was a child, he had to shoot his own zombie father, who tried to eat him. Bill has thus become fascinated with funerals to see zombies put away permanently. But Helen feels pressured to get a zombie when Zomcon's new head of security in Willard, the officious Jonathan Bottoms (Henry Czerny), moves into the neighborhood with his family. Never having had to deal with a zombie directly, Timmy is initially wary of their zombie. But as a lonely child who has no friends and is often bullied, Timmy eventually befriends their zombie, who he names Fido (Sir Billy Connolly), as he treats the zombie much like a faithful pet dog. Timmy protects Fido at all cost, even after Fido, due to no fault of its own, is implicated in some deaths, which creates a mini-wave of loose zombies unknown to Zomcon. But Fido may play a larger role within the family as a companion for Helen, who is largely neglected by Bill, since he sees human affection as ultimately resulting in such difficult issues as what happened between him and his own father. With Timmy and Helen treating Fido with kindness, Fido, in turn, may prove that not all zombies, even when without their domestication collar, are out to kill anyone and everyone in their path.",Andrew Currie
159, Wedding Crashers,2005,1h 59m,R,7,"John Beckwith and Jeremy Grey, a pair of committed womanizers who sneak into weddings to take advantage of the romantic tinge in the air, find themselves at odds with one another when John meets and falls for Claire Cleary.",David Dobkin
160, The Day the Earth Stood Still,2008,1h 44m,PG-13,5.5,A remake of the 1951 classic science fiction film about an alien visitor and his giant robot counterpart who visit Earth.,Scott Derrickson
161, Star Wars: Episode VI - Return of the Jedi,1983,2h 11m,PG,8.3,"After rescuing Han Solo from Jabba the Hutt, the Rebel Alliance attempts to destroy the second Death Star while Luke struggles to help Darth Vader back from the dark side.",Richard Marquand
162, Jurassic Park,1993,2h 7m,PG-13,8.2,"An industrialist invites some experts to visit his theme park of cloned dinosaurs. After a power failure, the creatures run loose, putting everyone's lives, including his grandchildren's, in danger.",Steven Spielberg
163, Role Models,2008,1h 39m,R,6.8,Wild behavior forces a pair of energy drink reps to enroll in a Big Brother program.,David Wain
164, The Curious Case of Benjamin Button,2008,2h 46m,PG-13,7.8,"Benjamin Button, born in 1918 with the physical state of an elderly man, ages in reverse. He experiences love and break-ups, ecstasy and sorrow, and timelessness by the time he dies in 2003 as a baby.",David Fincher
165, The Boy in the Striped Pajamas,2008,1h 34m,PG-13,7.7,"Through the innocent eyes of Bruno, the eight-year-old son of the commandant at a German concentration camp, a forbidden friendship with a Jewish boy on the other side of the camp fence has startling and unexpected consequences.",Mark Herman
166, Harry Potter and the Chamber of Secrets,2002,2h 41m,PG,7.4,"Harry Potter lives his second year at Hogwarts with Ron and Hermione when a message on the wall announces that the legendary Chamber of Secrets has been opened. The trio soon realize that, to save the school, it will take a lot of courage.",Chris Columbus
167, Star Wars: Episode II - Attack of the Clones,2002,2h 22m,PG,6.6,"Ten years after initially meeting, Anakin Skywalker shares a forbidden romance with Padmé Amidala, while Obi-Wan Kenobi discovers a secret clone army crafted for the Jedi.",George Lucas
168, Million Dollar Baby,2004,2h 12m,PG-13,8.1,"Frankie, an ill-tempered old coach, reluctantly agrees to train aspiring boxer Maggie. Impressed with her determination and talent, he helps her become the best and the two soon form a close bond.",Clint Eastwood
169, The Devil Wears Prada,2006,1h 49m,PG-13,6.9,"A smart but sensible new graduate lands a job as an assistant to Miranda Priestly, the demanding editor-in-chief of a high fashion magazine.",David Frankel
170, The 40-Year-Old Virgin,2005,1h 56m,R,7.1,"Goaded by his buddies, a nerdy guy who's never ""done the deed"" only finds the pressure mounting when he meets a single mother.",Judd Apatow
171, Tekken,2010,1h 32m,R,4.8,Jin Kazama witnesses the death of his mother Jun by Tekken in the slums known as Anvil. After finding a Tekken ID he decides to seek out vengeance for his mother's death.,Dwight H. Little
172, P,2007,2h 6m,PG-13,7,A young widow discovers that her late husband has left her 10 messages intended to help ease her pain and start a new life.,Richard LaGravenese
173, Paranormal Activity 2,2010,1h 31m,R,5.7,"After experiencing what they think are a series of ""break-ins"", a family sets up security cameras around their home, only to realize that the events unfolding before them are more sinister than they seem.",Tod Williams
174, Gangs of New York,2002,2h 47m,R,7.5,"In 1862, Amsterdam Vallon returns to the Five Points area of New York City seeking revenge against Bill the Butcher; his father's killer.",Martin Scorsese
175, The Bourne Identity,2002,1h 59m,PG-13,7.8,"A man is picked up by a fishing boat, bullet-riddled and suffering from amnesia, before racing to elude assassins and attempting to regain his memory.",Doug Liman
176, Dear John,2010,1h 48m,PG-13,6.3,A romantic drama about a soldier who falls for a conservative college student while he's home on leave.,Lasse Hallström
177, Ghost Rider,2007,1h 50m,PG-13,5.3,"When motorcycle rider Johnny Blaze sells his soul to the Devil to save his father's life, he is transformed into the Ghost Rider, the Devil's own bounty hunter, and is sent to hunt down sinners.",Mark Steven Johnson
178, Catch Me If You Can,2002,2h 21m,PG-13,8.1,"Barely 17 yet, Frank is a skilled forger who has passed as a doctor, lawyer and pilot. FBI agent Carl becomes obsessed with tracking down the con man, who only revels in the pursuit.",Steven Spielberg
179, Paranormal Activity,2007,1h 26m,R,6.3,"After moving into a suburban home, a couple becomes increasingly disturbed by a nightly demonic presence.",Oren Peli
180, Jumper,2008,1h 28m,PG-13,6.1,A young man with teleportation abilities suddenly finds himself in the middle of an ancient war between those like him and their sworn annihilators.,Doug Liman
181, Blow,2001,2h 4m,R,7.5,"The story of how George Jung, along with the Medellín Cartel headed by Pablo Escobar, established the American cocaine market in the 1970s in the United States.",Ted Demme
182, Hot Fuzz,2007,2h 1m,R,7.8,"An overachieving London police sergeant is transferred to a village where the easygoing officers object to his fervor for regulations, all while a string of grisly murders strikes the town.",Edgar Wright
183, Hancock,2008,1h 32m,R,6.4,Hancock is a superhero whose ill-considered behavior regularly causes damage in the millions. He changes when the person he saves helps him improve his public image.,Peter Berg
184, Case 39,2009,1h 49m,R,6.2,"A social worker fights to save a girl from her abusive parents, only to discover that the situation is more dangerous than she ever expected.",Christian Alvart
185, Conan the Barbarian,1982,2h 9m,R,6.9,A powerful warrior seeks to avenge the genocide of his people and the murder of his parents at the hands of a snake cult.,John Milius
186, Dumb and Dumber,1994,1h 47m,PG-13,7.3,"After a woman leaves a briefcase at the airport terminal, a dumb limo driver and his dumber friend set out on a hilarious cross-country road trip to Aspen to return it.",Peter Farrelly
187, Sweeney Todd: The Demon Barber of Fleet Street,2007,1h 56m,R,7.3,"The legendary tale of a barber who returns from wrongful imprisonment to 1840s London, bent on revenge for the rape and death of his wife, and resumes his trade while forming a sinister partnership with his fellow tenant, Mrs. Lovett.",Tim Burton
188, National Treasure,2004,2h 11m,PG,6.9,A historian races to find the legendary Templar Treasure before a team of mercenaries.,Jon Turteltaub
189, Daybreakers,2009,1h 38m,R,6.4,"In the year 2019, a plague has transformed almost every human into vampires. Faced with a dwindling blood supply, the fractured dominant race plots their survival; meanwhile, a researcher works with a covert band of vamps on a way to save humankind.",Michael Spierig
190, Shooter,2007,2h 4m,R,7.1,"An expert marksman living in exile, is coaxed back into action after learning of a plot to kill the president. Now on the run after being double crossed for the assasination attempt he was trying to prevent, he sets out for the real killer, and the truth.",Antoine Fuqua
191, Mortal Kombat,1995,1h 41m,PG-13,5.8,Three martial artists are forced to battle demonic adversaries in another dimension with the fate of the world hanging in the balance.,Paul W.S. Anderson
192, The Illusionist,2006,1h 50m,PG-13,7.5,"In turn-of-the-century Vienna, a magician uses his abilities to secure the love of a woman far above his social standing.",Neil Burger
193, Spider-Man 2,2004,2h 7m,PG-13,7.5,Peter Parker is beset with troubles in his failing personal life as he battles a former brilliant scientist named Otto Octavius.,Sam Raimi
194, The Butterfly Effect,2004,1h 53m,R,7.6,"Evan Treborn suffers blackouts during significant events of his life. As he grows up, he finds a way to remember these lost memories and a supernatural way to alter his life by reading his journal.",Eric Bress
195, Pearl Harbor,2001,3h 3m,PG-13,6.2,A tale of war and romance mixed in with history. The story follows two lifelong friends and a beautiful nurse who are caught up in the horror of an infamous Sunday morning in 1941.,Michael Bay
196, Superman,1978,2h 23m,PG,7.4,"An alien orphan is sent from his dying planet to Earth, where he grows up to become his adoptive home's first and greatest superhero.",Richard Donner
197, Batman,1989,2h 6m,PG-13,7.5,"The Dark Knight of Gotham City begins his war on crime with his first major enemy being Jack Napier, a criminal who becomes the clownishly homicidal Joker.",Tim Burton
198, Saw 3D,2010,1h 30m,R,5.5,"As a deadly battle rages over Jigsaw's brutal legacy, a group of Jigsaw survivors gathers to seek the support of self-help guru and fellow survivor Bobby Dagen, a man whose own dark secrets unleash a new wave of terror.",Kevin Greutert
199, Inside Man,2006,2h 9m,R,7.6,"A police detective, a bank robber, and a high-power broker enter high-stakes negotiations after the criminal's brilliant heist spirals into a hostage situation.",Spike Lee
200, Return of the Living Dead II,1988,1h 29m,R,5.7,"Curious kids unearth the barrels that previously helped revive the dead, which proves the second time's an undead charm.",Ken Wiederhorn
201, Planet of the Apes,2001,2h,PG-13,5.7,"In 2029, an Air Force astronaut crash-lands on a mysterious planet where evolved, talking apes dominate a race of primitive humans.",Tim Burton
202, The Bourne Supremacy,2004,1h 48m,PG-13,7.7,"When Jason Bourne is framed for a CIA operation gone awry, he is forced to resume his former life as a trained assassin to survive.",Paul Greengrass
203, Cloverfield,2008,1h 25m,PG-13,7,A group of friends venture deep into the streets of New York on a rescue mission during a rampaging monster attack.,Matt Reeves
204, Scream 3,2000,1h 56m,R,5.7,"While Sidney and her friends visit the Hollywood set of Stab 3, the third film based on the Woodsboro murders, another Ghostface killer rises to terrorize them.",Wes Craven
205, Orphan,2009,2h 3m,R,7,A husband and wife who recently lost their baby adopt a 9-year-old girl who is not nearly as innocent as she appears.,Jaume Collet-Serra
206, Angels & Demons,2009,2h 18m,PG-13,6.7,Harvard symbologist Robert Langdon works with a nuclear physicist to solve a murder and prevent a terrorist act against the Vatican during one of the significant events within the church.,Ron Howard
207, Team America: World Police,2004,1h 38m,R,7.2,"Popular Broadway actor Gary Johnston is recruited by the elite counter-terrorism organization Team America: World Police. As the world begins to crumble around him, he must battle with terrorists, celebrities and falling in love.",Trey Parker
208, Scream 2,1997,2h,R,6.3,"Two years after the first series of murders, as Sidney acclimates to college life, someone donning the Ghostface costume begins a new string of killings.",Wes Craven
209, Training Day,2001,2h 2m,R,7.8,A rookie cop spends his first day as a Los Angeles narcotics officer with a rogue detective who isn't what he appears to be.,Antoine Fuqua
210, Hitman,2007,1h 34m,R,6.2,"A gun-for-hire known only as Agent 47 hired by a group known only as 'The Organization' is ensnared in a political conspiracy, which finds him pursued by both Interpol and the Russian military as he treks across Russia and Eastern Europe.",Xavier Gens
211, Underworld,2003,2h 1m,R,7,"Selene, a vampire warrior, is entrenched in a conflict between vampires and werewolves, while falling in love with Michael, a human who is sought by werewolves for unknown reasons.",Len Wiseman
212, Predator,1987,1h 47m,R,7.8,A team of commandos on a mission in a Central American jungle find themselves hunted by an extraterrestrial warrior.,John McTiernan
213, Shrek,2001,1h 30m,PG,7.9,"A mean lord exiles fairytale creatures to the swamp of a grumpy ogre, who must go on a quest and rescue a princess for the lord in order to get his land back.",Andrew Adamson
214, Running Scared,2006,2h 2m,R,7.3,"A low-ranking thug is entrusted by his crime boss to dispose of a gun that killed corrupt cops, but things get out of control when the gun ends up in wrong hands.",Wayne Kramer
215, The Dead Next Door,1989,1h 18m,Unrated,5,An elite anti-Zombie team is assembled by the Government to cope with an ever-growing undead infection and the religious cult zealots who fanatically protect the festering foes.,J.R. Bookwalter
216, Kill Bill: Vol,2004,2h 17m,R,8,"The Bride continues her quest of vengeance against her former boss and lover Bill, the reclusive bouncer Budd, and the treacherous, one-eyed Elle.",Quentin Tarantino
217, Saw,2004,1h 43m,R,7.6,"Two men awaken to find themselves on the opposite sides of a dead body, each with specific instructions to kill the other or face consequences. These two are the latest victims of the Jigsaw Killer.",James Wan
218, From Dusk Till Dawn,1996,1h 48m,R,7.2,"Two criminals and their hostages unknowingly seek temporary refuge in a truck stop populated by vampires, with chaotic results.",Robert Rodriguez
219, Zodiac,2007,2h 37m,R,7.7,"Between 1968 and 1983, a San Francisco cartoonist becomes an amateur detective obsessed with tracking down the Zodiac Killer, an unidentified individual who terrorizes Northern California with a killing spree.",David Fincher
220, Yes Man,2008,1h 44m,PG-13,6.8,"A man challenges himself to say ""yes"" to everything.",Peyton Reed
221, Fantastic Four,2005,1h 46m,PG-13,5.7,"A group of astronauts gain superpowers after a cosmic radiation exposure and must use them to oppose the plans of their enemy, Doctor Victor Von Doom.",Tim Story
222, The Matrix Reloaded,2003,2h 18m,R,7.2,"Freedom fighters Neo, Trinity and Morpheus continue to lead the revolt against the Machine Army, unleashing their arsenal of extraordinary skills and weaponry against the systematic forces of repression and exploitation.",Lana Wachowski
223, The Italian Job,2003,1h 51m,PG-13,7,"After being betrayed and left for dead in Italy, Charlie Croker and his team plan an elaborate gold heist against their former ally.",F. Gary Gray
224, Eagle Eye,2008,1h 58m,PG-13,6.6,"Jerry and Rachel are two strangers thrown together by a mysterious phone call from a woman they have never met. Threatening their lives and family, she pushes Jerry and Rachel into a series of increasingly dangerous situations, using the technology of everyday life to track and control their every move.",D.J. Caruso
225, The Day After Tomorrow,2004,2h 4m,PG-13,6.5,"Jack Hall, paleoclimatologist, must make a daring trek from Washington, D.C. to New York City to reach his son, trapped in the cross-hairs of a sudden international storm which plunges the planet into a new Ice Age.",Roland Emmerich
226, 17 Again,2009,1h 42m,PG-13,6.4,Mike O'Donnell is ungrateful for how his life turned out. He gets a chance to rewrite his life when he tried to save a janitor near a bridge and jumped after him into a time vortex.,Burr Steers
227, Man on Fire,2004,2h 26m,R,7.7,"In Mexico City, a former CIA operative swears vengeance on those who committed an unspeakable act against the family he was hired to protect.",Tony Scott
228, Lord of War,2005,2h 2m,R,7.6,An arms dealer confronts the morality of his work as he is being chased by an INTERPOL Agent.,Andrew Niccol
229, Remember the Titans,2000,1h 53m,PG,7.8,"In 1971 Virginia high school football was everything to the people of Alexandria. But when the school board was forced to integrate an all-black school with an all-white one, the very foundation of football's tradition was put to the test.",Boaz Yakin
230,21,2008,2h 3m,PG-13,6.8,"Inspired by real events and people, 21 is about six MIT students who become trained to be experts in card counting in Black Jack and subsequently took Vegas casinos for millions in winnings.",Robert Luketic
231, Moulin Rouge!,2001,2h 7m,PG-13,7.6,A poor Bohemian poet in 1890s Paris falls for a beautiful courtesan and nightclub star coveted by a jealous duke.,Baz Luhrmann
232, New Kids Turbo,2010,1h 24m,,6.4,Five friends from 'Maaskantje' are getting fired because of the economic crisis. They decide that they won't pay for anything anymore.,Steffen Haars
233, The Haunted Mansion,2003,1h 28m,PG,5.2,"A realtor and his wife and children are summoned to a mansion, which they soon discover is haunted, and while they attempt to escape, he learns an important lesson about the family he has neglected.",Rob Minkoff
234, X2: X-Men United,2003,2h 14m,PG-13,7.4,"When anti-mutant Colonel William Stryker kidnaps Professor X and attacks his school, the X-Men must ally with their archenemy Magneto to stop him.",Bryan Singer
235, The Da Vinci Code,2006,2h 29m,PG-13,6.6,"A murder inside the Louvre, and clues in Da Vinci paintings, lead to the discovery of a religious mystery protected by a secret society for two thousand years, which could shake the foundations of Christianity.",Ron Howard
236, Ocean's Thirteen,2007,2h 2m,PG-13,6.9,"Danny Ocean rounds up the boys for a third heist after casino owner Willy Bank double-crosses one of the original eleven, Reuben Tishkoff.",Steven Soderbergh
237, 8 Mile,2002,1h 50m,R,7.2,"Follows a young rapper in the Detroit area, struggling with every aspect of his life; he wants to make it big but his friends and foes make this odyssey of rap harder than it may seem.",Curtis Hanson
238, Collateral,2004,2h,R,7.5,A cab driver finds himself the hostage of an engaging contract killer as he makes his rounds from hit to hit during one night in Los Angeles.,Michael Mann
239, The Chronicles of Riddick,2004,1h 59m,R,6.6,"The wanted criminal Richard Bruno Riddick arrives on a planet called Helion Prime and finds himself up against an invading empire called the Necromongers, an army that plans to convert or kill all humans in the universe.",David Twohy
240, Perfume: The Story of a Murderer,2006,2h 27m,R,7.5,"Jean-Baptiste Grenouille, born with a superior olfactory sense, creates the world's finest perfume. His work, however, takes a dark turn as he searches for the ultimate scent.",Tom Tykwer
241, Get Smart,2008,1h 50m,PG-13,6.5,"Maxwell Smart, a highly intellectual but bumbling spy working for the CONTROL agency, is tasked with preventing a terrorist attack from rival spy agency KAOS.",Peter Segal
242, Charlie and the Chocolate Factory,2005,1h 55m,PG,6.7,"Charlie, a young boy from an impoverished family, and four other kids win a tour of an amazing chocolate factory run by an imaginative chocolatier, Willy Wonka, and his staff of Oompa-Loompas.",Tim Burton
243, National Treasure: Book of Secrets,2007,2h 4m,PG,6.5,Benjamin Gates must follow a clue left in John Wilkes Booth's diary to prove his ancestor's innocence in the assassination of Abraham Lincoln.,Jon Turteltaub
244, Starship Troopers,1997,2h 9m,R,7.3,"Humans, in a fascist militaristic future, wage war with giant alien bugs.",Paul Verhoeven
245, The Devil's Advocate,1997,2h 24m,R,7.5,An exceptionally-adept Florida lawyer is offered a job at a high-end New York City law firm with a high-end boss--the biggest opportunity of his career to date.,Taylor Hackford
246," I, Robot",2004,1h 55m,PG-13,7.1,"In 2035, a technophobic cop investigates a crime that may have been perpetrated by a robot, which leads to a larger threat to humanity.",Alex Proyas
247, Scary Movie,2000,1h 28m,R,6.3,"A year after disposing of the body of a man they accidentally killed, a group of dumb teenagers are stalked by a bumbling serial killer.",Keenen Ivory Wayans
248, True Lies,1994,2h 21m,R,7.3,"A fearless, globe-trotting, terrorist-battling secret agent has his life turned upside down when he discovers his wife might be having an affair with a used-car salesman while terrorists smuggle nuclear war heads into the United States.",James Cameron
249, Twister,1996,1h 53m,PG-13,6.5,Two storm chasers on the brink of divorce must work together to create an advanced weather alert system by putting themselves in the cross-hairs of extremely violent tornadoes.,Jan de Bont
250, Mulan,1998,1h 27m,G,7.7,"To save her father from death in the army, a young maiden secretly goes in his place and becomes one of China's greatest heroines in the process.",Tony Bancroft
251, Untraceable,2008,1h 41m,R,6.2,"FBI agent Jennifer Marsh is tasked with hunting down a seemingly untraceable serial killer who posts live videos of his victims on the Internet. As time runs out, the cat and mouse chase becomes more personal.",Gregory Hoblit
252, Transporter 2,2005,1h 27m,R,6.3,"Transporter Frank Martin, surfaces in Miami, Florida and is implicated in the kidnapping of the young son of a powerful USA official.",Louis Leterrier
253, Rush Hour,1998,1h 38m,PG-13,7,"A loyal and dedicated Hong Kong Inspector teams up with a reckless and loudmouthed L.A.P.D. detective to rescue the Chinese Consul's kidnapped daughter, while trying to arrest a dangerous crime lord along the way.",Brett Ratner
254, Saw VI,2009,1h 30m,R,6,"Agent Strahm is dead, and FBI agent Erickson draws nearer to Hoffman. Meanwhile, a pair of insurance executives find themselves in another game set by Jigsaw.",Kevin Greutert
255, Mad Max,1979,1h 28m,R,6.8,"In a self-destructing world, a vengeful Australian policeman sets out to stop a violent motorcycle gang.",George Miller
256, Final Destination 2,2003,1h 30m,R,6.2,Death is stalking Kimberly Corman and multiple survivors of a deadly highway accident.,David R. Ellis
257, Ghost Town,2008,1h 42m,PG-13,6.7,"Bertram Pincus is a man whose people skills leave much to be desired. When Pincus dies unexpectedly, but is miraculously revived after seven minutes, he wakes up to discover that he now has the annoying ability to see ghosts.",David Koepp
258, Flightplan,2005,1h 38m,PG-13,6.3,"A bereaved woman and her daughter are flying home from Berlin to America. At 30,000 feet, the child vanishes, and nobody will admit she was ever on the plane.",Robert Schwentke
259, Street Kings,2008,1h 49m,R,6.8,"An undercover cop, disillusioned by the death of his wife, is implicated in the murder of an officer and must struggle to clear himself.",David Ayer
260, Rambo,2008,1h 32m,R,7,"In Thailand, John Rambo joins a group of mercenaries to venture into war-torn Burma, and rescue a group of Christian aid workers who were kidnapped by the ruthless local infantry unit.",Sylvester Stallone
261, Pet Sematary II,1992,1h 40m,R,4.9,"A teenage boy and his father move to his recently-deceased mother's hometown, where they encounter the ancient Native American cemetery with the power to raise the dead.",Mary Lambert
262, A Knight's Tale,2001,2h 12m,PG-13,7,"After his master dies, a peasant squire, fueled by his desire for food and glory, creates a new identity for himself as a knight.",Brian Helgeland
263, The Ring,2002,1h 55m,PG-13,7.1,A journalist must investigate a mysterious videotape which seems to cause the death of anyone one week to the day after they view it.,Gore Verbinski
264, Babel,2006,2h 23m,R,7.5,"Tragedy strikes a married couple on vacation in the Moroccan desert, which jump starts an interlocking story involving four different families.",Alejandro G. Iñárritu
265, REC,2007,1h 18m,R,7.4,A television reporter and cameraman follow emergency workers into a dark apartment building and are quickly locked inside with something terrifying.,Jaume Balagueró
266, Alexander,2004,2h 55m,R,5.6,"Alexander, the King of Macedonia and one of the greatest army leaders in the history of warfare, conquers much of the known world.",Oliver Stone
267, Not Another Teen Movie,2001,1h 29m,R,5.8,A sendup of all the teen movies that have accumulated in the past two decades.,Joel Gallen
268, The Tournament,2009,1h 35m,R,6,"A tournament is watched by dozens of wealthy men betting on which one of the 30 assassins will survive the next 24 hours ""kill or die"" and claim the USD10,000,000 prize. It takes place in an English town with plenty of CCTVs.",Scott Mann
269, The Last Samurai,2003,2h 34m,R,7.8,"In 19th century Japan, Nathan Algren, a US army captain, is hired by the Japanese emperor to train his army in the modern warfare techniques. Captain Algren finds himself trapped in a struggle between two eras and two worlds.",Edward Zwick
270, Underworld: Rise of the Lycans,2009,1h 32m,R,6.5,"A prequel centered on the origins of the centuries-old feud between the race of aristocratic vampires and their former slaves, the Lycans.",Patrick Tatopoulos
271, Hitch,2005,1h 58m,PG-13,6.6,A smooth-talking man falls for a hardened columnist while helping a shy accountant woo a beautiful heiress.,Andy Tennant
272, What Happens in Vegas,2008,1h 39m,PG-13,6.1,"A man and a woman are compelled, for legal reasons, to live life as a couple for a limited period of time. At stake is a large amount of money.",Tom Vaughan
273, Edward Scissorhands,1990,1h 45m,PG-13,7.9,The solitary life of an artificial man - who was incompletely constructed and has scissors for hands - is upended when he is taken in by a suburban family.,Tim Burton
274, The Bucket List,2007,1h 37m,PG-13,7.4,Two terminally ill men escape from a cancer ward and head off on a road trip with a wish list of to-dos before they die.,Rob Reiner
275, King Kong,2005,3h 7m,PG-13,7.2,"A greedy film producer assembles a team of moviemakers and sets out for the infamous Skull Island, where they find more than just cannibalistic natives.",Peter Jackson
276, Fantastic Four: Rise of the Silver Surfer,2007,1h 32m,PG,5.6,The Fantastic Four learn that they aren't the only super-powered beings in the universe when they square off against the powerful Silver Surfer and the planet-eating Galactus.,Tim Story
277, The Holiday,2006,2h 16m,PG-13,7,"Amanda lives in LA and is a movie trailer editor. Iris lives in Surrey and is a journalist. The two decide to swap houses for two weeks at Christmas - both trying to forget their troubled love lives, until love finds them anyways.",Nancy Meyers
278, Ocean's Twelve,2004,2h 5m,PG-13,6.5,Daniel Ocean recruits one more team member so he can pull off three major European heists in this sequel to Ocean's Eleven (2001).,Steven Soderbergh
279, Terminator 3: Rise of the Machines,2003,1h 49m,R,6.3,A machine from a post-apocalyptic future travels back in time to protect a man and a woman from an advanced robotic assassin to ensure they both survive a nuclear attack.,Jonathan Mostow
280, War of the Worlds,2005,1h 56m,PG-13,6.5,An alien invasion threatens the future of humanity. The catastrophic nightmare is depicted through the eyes of one American family fighting for survival.,Steven Spielberg
281, Munich,2005,2h 44m,R,7.5,"After the Black September capture and massacre of Israeli athletes at the 1972 Olympics, five men are chosen to eliminate the people responsible for that fateful day.",Steven Spielberg
282, Hulk,2003,2h 18m,PG-13,5.6,"Bruce Banner, a genetics researcher with a tragic past, suffers a lab accident that makes him transform into a raging, giant green monster when angered, making him a target of forces seeking to abuse his power.",Ang Lee
283, Click,2006,1h 47m,PG-13,6.4,A workaholic architect finds a universal remote that allows him to fast-forward and rewind to different parts of his life. Complications arise when the remote starts to overrule his choices.,Frank Coraci
284, Beowulf,2007,1h 55m,PG-13,6.3,"The warrior Beowulf must fight and defeat the monster Grendel, who is terrorizing Denmark, then Grendel's Mother, who begins killing out of revenge.",Robert Zemeckis
285, The Matrix Revolutions,2003,2h 9m,R,6.7,The human city of Zion defends itself against the massive invasion of the machines as Neo fights to end the war at another front while also opposing the rogue Agent Smith.,Lana Wachowski
286, Batman Forever,1995,2h 1m,PG-13,5.4,"Batman must battle former district attorney Harvey Dent, who is now Two-Face and Edward Nygma, The Riddler with help from an amorous psychologist and a young circus acrobat who becomes his sidekick, Robin.",Joel Schumacher
287, The Patriot,2000,2h 45m,R,7.2,Peaceful farmer Benjamin Martin is driven to lead the Colonial Militia during the American Revolution when a sadistic British officer murders his son.,Roland Emmerich
288, The Transporter,2002,1h 32m,PG-13,6.8,"Frank Martin, who ""transports"" packages for unknown clients, is asked to move a package that soon begins moving, and complications arise.",Louis Leterrier
289, Bad Boys,1995,1h 59m,R,6.8,Two hip detectives protect a witness to a murder while investigating a case of stolen heroin from the evidence storage room from their police precinct.,Michael Bay
290, Green Street Hooligans,2005,1h 49m,R,7.4,"A wrongfully expelled Harvard undergrad moves to London, where he is introduced to the violent underworld of football hooliganism.",Lexi Alexander
291, The Mist,2007,2h 6m,R,7.1,"A freak storm unleashes a species of bloodthirsty creatures on a small town, where a small band of citizens hole up in a supermarket and fight for their lives.",Frank Darabont
292, Friday the 13th,2009,1h 37m,R,5.5,A group of young adults visit a boarded up campsite named Crystal Lake where they soon encounter the mysterious Jason Voorhees and his deadly intentions.,Marcus Nispel
293, The Godfather Part III,1990,2h 42m,R,7.6,"Follows Michael Corleone, now in his 60s, as he seeks to free his family from crime and find a suitable successor to his empire.",Francis Ford Coppola
294, Toy Story 2,1999,1h 32m,G,7.9,"When Woody is stolen by a toy collector, Buzz and his friends set out on a rescue mission to save Woody before he becomes a museum toy property with his roundup gang Jessie, Prospector, and Bullseye.",John Lasseter
295, King Arthur,2004,2h 6m,PG-13,6.3,A demystified take on the tale of King Arthur and the Knights of the Round Table.,Antoine Fuqua
296, Insomnia,2002,1h 58m,R,7.2,"Will Dormer, a police detective, is sent to investigate a teenage girl's murder to a small fishing town where he accidentally shoots his co-detective and is afflicted by insomnia brought by the guilt.",Christopher Nolan
297, Crank,2006,1h 28m,R,6.9,Professional assassin Chev Chelios learns his rival has injected him with a poison that will kill him if his heart rate drops.,Mark Neveldine
298, Gone in 60 Seconds,2000,1h 58m,PG-13,6.5,A retired master car thief must come back to the industry and steal fifty cars with his crew in one night to save his brother's life.,Dominic Sena
299, 50 First Dates,2004,1h 39m,PG-13,6.8,Henry Roth is a man afraid of commitment until he meets the beautiful Lucy. They hit it off and Henry think he's finally found the girl of his dreams until discovering she has short-term memory loss and forgets him the next day.,Peter Segal
300, Vanilla Sky,2001,2h 16m,R,6.9,A self-indulgent and vain publishing magnate finds his privileged life upended after a vehicular accident with a resentful lover.,Cameron Crowe
301, The Perfect Storm,2000,2h 10m,PG-13,6.5,An unusually intense storm pattern catches some commercial fishermen unaware and puts them in mortal danger.,Wolfgang Petersen
302, Crank: High Voltage,2009,1h 36m,R,6.1,Chelios faces a Chinese mobster who has stolen his nearly indestructible heart and replaced it with a battery-powered ticker which requires regular jolts of electricity to keep working.,Mark Neveldine
303, Blade,1998,2h,R,7.1,"A half-vampire, half-mortal man becomes a protector of the mortal race, while slaying evil vampires.",Stephen Norrington
304, You Don't Mess with the Zohan,2008,1h 53m,PG-13,5.6,An Israeli Special Forces Soldier fakes his death so he can re-emerge in New York City as a hair stylist.,Dennis Dugan
305, 30 Days of Night,2007,1h 53m,R,6.6,"After an Alaskan town is plunged into darkness for a month, it is attacked by a bloodthirsty gang of vampires.",David Slade
306, Men in Black,1997,1h 38m,PG-13,7.3,"James, an NYC cop, is hired by Agent K of a secret government agency that monitors extraterrestrial life on Earth. Together, they must recover an item that has been stolen by an intergalactic villain.",Barry Sonnenfeld
307, Step Up,2006,1h 44m,PG-13,6.5,"Tyler receives the opportunity of a lifetime after vandalizing a performing arts school, gaining him the chance to earn a scholarship and dance with an up and coming dancer, Nora.",Anne Fletcher
308, The Kingdom,2007,1h 50m,R,7,A team of U.S. government agents are sent to investigate the bombing of an American facility in the Middle East.,Peter Berg
309, Van Wilder,2002,1h 32m,R,6.4,The most popular kid on campus meets a beautiful journalist who makes him realize that maybe he's afraid to graduate.,Walt Becker
310, The Box,2009,1h 55m,PG-13,5.6,"With the press of a button, a wooden box bestows riches and death.",Richard Kelly
311,1408,2007,1h 44m,PG-13,6.8,"Author Michael Enslin specializes in debunking paranormal occurrences, checks into the fabled room 1408 in the Dolphin Hotel in New York City, settles in, and soon confronts genuine terror.",Mikael Håfström
312, Transporter 3,2008,1h 44m,PG-13,6.1,"Frank Martin is forced to deliver Valentina, the kidnapped daughter of a Ukrainian government official, from Marseilles to Odessa on the Black Sea. En route, he has to contend with thugs who want to intercept Valentina's safe delivery.",Olivier Megaton
313, Total Recall,1990,1h 53m,R,7.5,"When a man goes in to have virtual vacation memories of the planet Mars implanted in his mind, an unexpected and harrowing series of events forces him to go to the planet for real - or is he?",Paul Verhoeven
314, Austin Powers: International Man of Mystery,1997,1h 29m,PG-13,7,A world-class playboy and part-time secret agent from the 1960s emerges after thirty years in a cryogenic state to battle with his nemesis Dr. Evil.,Jay Roach
315, Legally Blonde,2001,1h 36m,PG-13,6.5,"Elle Woods, a fashionable sorority queen, is dumped by her boyfriend. She decides to follow him to law school. While she is there, she figures out that there is more to her than just looks.",Robert Luketic
316, Mission: Impossible III,2006,2h 6m,PG-13,6.9,IMF agent Ethan Hunt comes into conflict with a dangerous and sadistic arms dealer who threatens his life and his fiancée in response.,J.J. Abrams
317, Meet the Fockers,2004,1h 55m,PG-13,6.3,All hell breaks loose when the Byrnes family meets the Focker family for the first time.,Jay Roach
318, There's Something About Mary,1998,1h 59m,R,7.1,"A man gets a chance to meet up with his dream girl from high school, even though his date with her back then was a complete disaster.",Bobby Farrelly
319, Natural Born Killers,1994,1h 59m,R,7.2,Two victims of traumatized childhoods become lovers and psychopathic serial murderers irresponsibly glorified by the mass media.,Oliver Stone
320, Austin Powers in Goldmember,2002,1h 34m,PG-13,6.2,"Upon learning that his father has been kidnapped, Austin Powers must travel to 1975 and defeat the aptly named villain Goldmember, who is working with Dr. Evil.",Jay Roach
321, Eragon,2006,1h 44m,PG,5.1,"In his homeland of Alagaesia, a farm boy happens upon a dragon's egg -- a discovery that leads him on a predestined journey where he realizes he's the one person who can defend his home against an evil king.",Stefen Fangmeier
322, Apollo 13,1995,2h 20m,PG,7.7,NASA must devise a strategy to return Apollo 13 to Earth safely after the spacecraft undergoes massive internal damage putting the lives of the three astronauts on board in jeopardy.,Ron Howard
323, Be Cool,2005,1h 58m,PG-13,5.6,"Disenchanted with the movie industry, Chili Palmer tries the music industry, meeting and romancing a widow of a music executive on the way.",F. Gary Gray
324, Grease 2,1982,1h 55m,PG,4.6,A British student at a 1960s American high school must prove himself to the leader of a girls' gang whose members can only date greasers.,Patricia Birch
325, Dodgeball: A True Underdog Story,2004,1h 32m,PG-13,6.7,A group of misfits enter a Las Vegas dodgeball tournament in order to save their cherished local gym from the onslaught of a corporate health fitness chain.,Rawson Marshall Thurber
326, Dogma,1999,2h 10m,R,7.3,An abortion clinic worker with a special heritage is called upon to save the existence of humanity from being negated by two renegade angels trying to exploit a loop-hole and reenter Heaven.,Kevin Smith
327, Signs,2002,1h 46m,PG-13,6.8,"A widowed former reverend living with his children and brother on a Pennsylvania farm finds mysterious crop circles in their fields, which suggests something more frightening to come.",M. Night Shyamalan
328, The Punisher,2004,2h 4m,R,6.4,An undercover FBI agent becomes a vigilante and sets out to unleash his wrath upon the corrupt businessman who slaughtered his entire family at a reunion.,Jonathan Hensleigh
329, Road Trip,2000,1h 33m,R,6.5,Four college buddies embark on a road trip to retrieve an illicit tape mistakenly mailed to a female friend.,Todd Phillips
330, Bad Boys II,2003,2h 27m,R,6.6,Two loose-cannon narcotics cops investigate the flow of Ecstasy into Florida from a Cuban drug cartel.,Michael Bay
331, The Prince and Me,2004,1h 51m,PG,5.9,"At college Paige meets Eddie, a student from Denmark, whom she first dislikes but later accepts, likes, and loves; he proves to be Crown Prince Edvard. Paige follows him to Copenhagen, and he follows her back to school with a plan.",Martha Coolidge
332, The Royal Tenenbaums,2001,1h 50m,R,7.6,The eccentric members of a dysfunctional family reluctantly gather under the same roof for various reasons.,Wes Anderson
333, Evan Almighty,2007,1h 36m,PG,5.4,God contacts Congressman Evan Baxter and tells him to build an ark in preparation for a great flood.,Tom Shadyac
334, The Others,2001,1h 44m,PG-13,7.6,"In 1945, immediately following the end of Second World War, a woman who lives with her two photosensitive children on her darkened old family estate in the Channel Islands becomes convinced that the home is haunted.",Alejandro Amenábar
335, The Golden Compass,2007,1h 53m,PG-13,6.1,"In a parallel universe, young Lyra Belacqua journeys to the far North to save her best friend and other kidnapped children from terrible experiments by a mysterious organization.",Chris Weitz
336, The Untouchables,1987,1h 59m,R,7.8,"During Prohibition, Treasury agent Eliot Ness sets out to stop ruthless Chicago gangster Al Capone, and assembles a small, incorruptible team to help him.",Brian De Palma
337, The Longest Yard,2005,1h 53m,PG-13,6.4,Prison inmates form a football team to challenge the prison guards.,Peter Segal
338, Chocolat,2000,2h 1m,PG-13,7.2,"Single mother Vianne Rocher and her young daughter arrive in a rural French town in the winter of 1959, and open an unusual chocolate shop that disrupts the moral fiber of the strictly Catholic townsfolk and mayor.",Lasse Hallström
339, Donnie Brasco,1997,2h 7m,R,7.7,An FBI undercover agent infiltrates the mob and finds himself identifying more with the Mafia life--at the expense of his regular one.,Mike Newell
340, Notting Hill,1999,2h 4m,PG-13,7.2,"A set of circumstances makes Anna Scott, a famous actress, fall in love with William Thacker, owner of a bookstore in Notting Hill. But the paparazzi's fascination with her complicates their bond.",Roger Michell
341," 10,000 BC",2008,1h 49m,PG-13,5.1,"In the prehistoric past, D'Leh is a mammoth hunter who bonds with the beautiful Evolet. When warriors on horseback capture Evolet and the tribesmen, D'Leh must embark on an odyssey to save his true love.",Roland Emmerich
342, Shrek the Third,2007,1h 33m,PG,6.1,"Reluctantly designated as the heir to the land of Far, Far Away, Shrek hatches a plan to install the rebellious Artie as the new king while Princess Fiona tries to fend off a coup d'état by the jilted Prince Charming.",Chris Miller
343, Finding Neverland,2004,1h 46m,PG,7.7,The story of Sir J.M. Barrie's friendship with a family who inspired him to create Peter Pan.,Marc Forster
344, The Orphanage,2007,1h 45m,R,7.4,"A woman brings her family back to her childhood home, which used to be an orphanage for handicapped children. Before long, her son starts to communicate with an invisible new friend.",J.A. Bayona
345, Big Daddy,1999,1h 33m,PG-13,6.4,"A lazy law school graduate adopts a kid to impress his girlfriend, but everything doesn't go as planned.",Dennis Dugan
346, A Series of Unfortunate Events,2004,1h 48m,PG,6.8,"When a massive fire kills their parents, three children are delivered to the custody of cousin and stage actor Count Olaf, who is secretly plotting to steal their parents' vast fortune.",Brad Silberling
347, The Strangers,2008,1h 26m,R,6.1,"James Hoyt and Kristen McKay visit an isolated vacation home to enjoy some time together. However, they are in for a rude surprise when three masked assailants make their stay a nightmare.",Bryan Bertino
348, Alien Resurrection,1997,1h 49m,R,6.2,"Two centuries after her death, a powerful human/alien hybrid clone of Ellen Ripley aids a crew of space pirates in stopping the aliens from reaching Earth.",Jean-Pierre Jeunet
349, The Hitchhiker's Guide to the Galaxy,2005,1h 49m,PG,6.7,"Mere seconds before the Earth is to be demolished by an alien construction crew, journeyman Arthur Dent is swept off the planet by his friend Ford Prefect, a researcher penning a new edition of ""The Hitchhiker's Guide to the Galaxy.""",Garth Jennings
350, The Final Destination,2009,1h 22m,R,5.1,A horrifying premonition saves a young man and his friends from death during a racetrack accident but terrible fates await them nonetheless.,David R. Ellis
351, Jackie Brown,1997,2h 34m,R,7.5,"A flight attendant with a criminal past gets nabbed by the ATF for smuggling. Under pressure to become an informant against the illegal arms dealer she works for, she must find a way to secure her future without getting killed.",Quentin Tarantino
352, Anger Management,2003,1h 46m,PG-13,6.3,"Dave Buznik is a businessman who is wrongly sentenced to an anger management program, where he meets an aggressive instructor.",Peter Segal
353, A Man Apart,2003,1h 49m,R,6,A man known as Diablo emerges to head a drug cartel after the previous leader is imprisoned.,F. Gary Gray
354, Just Like Heaven,2005,1h 35m,PG-13,6.7,"David, a lonely architect, finds an amazing apartment, only to discover it's haunted by the spirit of the previous tenant Elizabeth, an overachieving doctor. Eventually, he falls in love with her.",Mark Waters
355, The Hot Chick,2002,1h 44m,PG-13,5.6,"An attractive and popular teenager, who is mean-spirited toward others, finds herself in the body of an older man, and must find a way to get back to her original body.",Tom Brady
356, Batman & Robin,1997,2h 5m,PG-13,3.8,Batman and Robin try to keep their relationship together even as they must stop Mr. Freeze and Poison Ivy from freezing Gotham City.,Joel Schumacher
357, Next,2007,1h 36m,PG-13,6.2,A Las Vegas magician who can see into the future is pursued by FBI agents seeking to use his abilities to prevent a nuclear terrorist attack.,Lee Tamahori
358, Blade: Trinity,2004,1h 53m,R,5.8,"Blade, now a wanted man by the FBI, must join forces with the Nightstalkers to face his most challenging enemy yet: Dracula.",David S. Goyer
359, Van Helsing,2004,2h 11m,PG-13,6.1,"The famed monster hunter is sent to Transylvania to stop Count Dracula, who is using Dr. Frankenstein's research and a werewolf for nefarious purposes.",Stephen Sommers
360, American Pie 2,2001,1h 48m,R,6.4,"Jim and his friends are now in college, and they decide to meet up at the beach house for some fun.",J.B. Rogers
361, Monster,2003,1h 49m,R,7.3,"Based on the life of Aileen Wuornos, a Daytona Beach prostitute who became a serial killer.",Patty Jenkins
362, I Now Pronounce You Chuck & Larry,2007,1h 55m,PG-13,5.9,"Two straight, single Brooklyn firefighters pretend to be a gay couple in order to receive domestic partner benefits.",Dennis Dugan
363, American Wedding,2003,1h 36m,R,6.3,"It's the wedding of Jim and Michelle and the gathering of their families and friends, including Jim's old friends from high school and Michelle's little sister.",Jesse Dylan
364, Robin Hood: Prince of Thieves,1991,2h 23m,PG-13,6.9,Robin Hood decides to fight back as an outlaw when faced with the tyranny of the Sheriff of Nottingham.,Kevin Reynolds
365, The Parent Trap,1998,2h 8m,PG,6.7,"Identical twins Annie and Hallie, separated at birth and each raised by one of their biological parents, discover each other for the first time at summer camp and make a plan to bring their wayward parents back together.",Nancy Meyers
366, Hostel,2005,1h 34m,R,5.9,"Three backpackers head to a Slovak city that promises to meet their hedonistic expectations, with no idea of the hell that awaits them.",Eli Roth
367, The Hills Have Eyes,2006,1h 47m,R,6.4,A traveling family falls victim to a group of mutated cannibals in a desert far away from civilization.,Alexandre Aja
368, The Last of the Mohicans,1992,1h 52m,R,7.6,Three trappers protect the daughters of a British Colonel in the midst of the French and Indian War.,Michael Mann
369, Dragonball Evolution,2009,1h 25m,PG,2.5,"The young warrior Son Goku sets out on a quest, racing against time and the vengeful King Piccolo, to collect a set of seven magical orbs that will grant their wielder unlimited power.",James Wong
370, The Amityville Horror,2005,1h 30m,R,5.9,Newlyweds are terrorized by demonic forces after moving into a large house that was the site of a grisly mass murder a year before.,Andrew Douglas
371, The Simpsons Movie,2007,1h 27m,PG-13,7.3,"After Homer pollutes the town's water supply, Springfield is encased in a gigantic dome by the EPA and the Simpsons are declared fugitives.",David Silverman
372, Batman Returns,1992,2h 6m,PG-13,7.1,"While Batman deals with a deformed man calling himself the Penguin wreaking havoc across Gotham with the help of a cruel businessman, a female employee of the latter becomes the Catwoman with her own vendetta.",Tim Burton
373, White Chicks,2004,1h 49m,PG-13,5.8,Two disgraced FBI agents go way undercover in an effort to protect hotel heiresses the Wilson sisters from a kidnapping plot.,Keenen Ivory Wayans
374, Shrek 2,2004,1h 33m,PG,7.3,"Shrek and Fiona travel to the Kingdom of Far Far Away, where Fiona's parents are King and Queen, to celebrate their marriage. When they arrive, they find they are not as welcome as they thought they would be.",Andrew Adamson
375, Night at the Museum,2006,1h 48m,PG,6.5,A newly recruited night security guard at the Museum of Natural History discovers that an ancient curse causes the animals and exhibits on display to come to life and wreak havoc.,Shawn Levy
376, The Wedding Singer,1998,1h 37m,PG-13,6.9,"Robbie, a singer, and Julia, a waitress, are both engaged, but to the wrong people. Fortune intervenes to help them discover each other.",Frank Coraci
377, Bruce Almighty,2003,1h 41m,PG-13,6.8,A whiny news reporter is given the chance to step into God's shoes.,Tom Shadyac
378, Spaceballs,1987,1h 36m,PG,7.1,A star-pilot for hire and his trusty sidekick must come to the rescue of a princess and save Planet Druidia from the clutches of the evil Spaceballs.,Mel Brooks
379, The International,2009,1h 58m,R,6.5,An Interpol agent attempts to expose a high-profile financial institution's role in an international arms dealing ring.,Tom Tykwer
380, Die Hard with a Vengeance,1995,2h 8m,R,7.6,"John McClane and a Harlem store owner are targeted by German terrorist Simon in New York City, where he plans to rob the Federal Reserve Building.",John McTiernan
381, Austin Powers: The Spy Who Shagged Me,1999,1h 35m,PG-13,6.7,"Dr. Evil is back and has invented a new time machine that allows him to go back to the 1960s and steal Austin Powers' mojo, inadvertently leaving him ""shagless"".",Jay Roach
382, Desperado,1995,1h 44m,R,7.1,Former musician and gunslinger El Mariachi arrives at a small Mexican border town after being away for a long time. His past quickly catches up with him and he soon gets entangled with the local drug kingpin Bucho and his gang.,Robert Rodriguez
383, The Sweetest Thing,2002,1h 24m,R,5.2,"Christina Walters spent years avoiding men, then suddenly met her perfect match while hanging with her best friends, Courtney and Jane. When she finds out that he has left town, she and Courtney set out on a trip.",Roger Kumble
384, Underworld: Evolution,2006,1h 46m,R,6.7,"Picking up directly from the previous movie, vampire warrior Selene and the half werewolf Michael hunt for clues to reveal the history of their races and the war between them.",Len Wiseman
385, RoboCop,1987,1h 42m,R,7.6,"In a dystopic and crime-ridden Detroit, a terminally wounded cop returns to the force as a powerful cyborg haunted by submerged memories.",Paul Verhoeven
386, The Mask,1994,1h 41m,PG-13,6.9,Bank clerk Stanley Ipkiss is transformed into a manic superhero when he wears a mysterious mask.,Chuck Russell
387, Charlie's Angels,2000,1h 38m,PG-13,5.6,"Three women, detectives with a mysterious boss, retrieve stolen voice-ID software, using martial arts, tech skills, and sex appeal.",McG
388, Black Dynamite,2009,1h 24m,R,7.4,"Black Dynamite is the greatest African-American action star of the 1970s. When his only brother is killed by The Man, it's up to him to find justice.",Scott Sanders
389, Men in Black II,2002,1h 28m,PG-13,6.2,Agent J is sent to find Agent K and restore his memory after the re-appearance of a case from K's past.,Barry Sonnenfeld
390, Antz,1998,1h 23m,PG,6.5,A rather neurotic ant tries to break from his totalitarian society while trying to win the affection of the princess he loves.,Eric Darnell
391, World Trade Center,2006,2h 9m,PG-13,6,Two Port Authority police officers become trapped under the rubble of the World Trade Center.,Oliver Stone
392, Shallow Hal,2001,1h 54m,PG-13,6,A shallow man falls in love with a 300-pound woman because of her inner beauty.,Bobby Farrelly
393, The Evil Dead,1981,1h 25m,NC-17,7.4,"Five friends travel to a cabin in the woods, where they unknowingly release flesh-possessing demons.",Sam Raimi
394, Memoirs of a Geisha,2005,2h 25m,PG-13,7.3,"The heartwarming tale of Nitta Sayuri, a young Japanese woman who transcended from her fishing-village roots and became one of Japan's most celebrated geisha.",Rob Marshall
395, About a Boy,2002,1h 41m,PG-13,7.1,"Will, who attends single parent meetings to woo women, meets Marcus, a troubled 12-year-old boy. As they become friends, Will learns to be responsible while he helps Marcus with his studies.",Chris Weitz
396, Die Another Day,2002,2h 13m,PG-13,6.1,"James Bond is sent to investigate the connection between a North Korean terrorist and a diamond mogul, who is funding the development of an international space weapon.",Lee Tamahori
397, The Lost World: Jurassic Park,1997,2h 9m,PG-13,6.6,"A research team is sent to the Jurassic Park Site B island to study the dinosaurs there, while an InGen team approaches with another agenda.",Steven Spielberg
398, We Were Soldiers,2002,2h 18m,R,7.2,"The story of the first major battle of the American phase of the Vietnam War, and the soldiers on both sides that fought it, while their wives wait nervously and anxiously at home for the good news or the bad news.",Randall Wallace
399, Mortal Kombat: Annihilation,1997,1h 35m,PG-13,3.6,A group of martial-arts warriors has only six days to save the Earth from an extra-dimensional invasion.,John R. Leonetti
400, Madagascar: Escape 2 Africa,2008,1h 29m,PG,6.6,"The Madagascar animals fly back to New York City, but crash-land on an African nature reserve in Kenya, where they meet others of their own kind, and Alex especially discovers his royal heritage as prince of a lion pride.",Eric Darnell
401, Walking Tall,2004,1h 26m,PG-13,6.3,"A former U.S. soldier returns to his hometown to find it overrun by crime and corruption, which prompts him to clean house.",Kevin Bray
402, Die Hard 2,1990,2h 4m,R,7.1,"John McClane attempts to avert disaster as rogue military operatives seize control of Dulles International Airport in Washington, D.C.",Renny Harlin
403, The Nightmare Before Christmas,1993,1h 16m,PG,7.9,"Jack Skellington, king of Halloween Town, discovers Christmas Town, but his attempts to bring Christmas to his home causes confusion.",Henry Selick
404, Stargate,1994,1h 56m,PG-13,7,"An interstellar teleportation device, found in Egypt, leads to a planet with humans resembling ancient Egyptians who worship the god Ra.",Roland Emmerich
405, Bridget Jones's Diary,2001,1h 37m,R,6.8,Bridget Jones is determined to improve herself while she looks for love in a year in which she keeps a personal diary.,Sharon Maguire
406, From Hell,2001,2h 2m,R,6.7,"After five ritualistic murders are committed in 1888 London, Inspector Abberline's assignment is to investigate the ""Jack the Ripper"" murders. Along with a string of mutilated prostitutes, he uncovers a conspiracy involving the government.",Albert Hughes
407, Daredevil,2003,1h 43m,PG-13,5.3,A man blinded by toxic waste which also enhanced his remaining senses fights crime as an acrobatic martial arts superhero.,Mark Steven Johnson
408, Lara Croft: Tomb Raider,2001,1h 40m,PG-13,5.8,Video game adventurer Lara Croft comes to life in a movie where she races against time and villains to recover powerful ancient artifacts.,Simon West
409, Mission: Impossible,1996,1h 50m,PG-13,7.2,"An American agent, under false suspicion of disloyalty, must discover and expose the real spy without the help of his organization.",Brian De Palma
410, Jay and Silent Bob Strike Back,2001,1h 44m,R,6.8,"The comic ""Bluntman and Chronic"" is based on real-life stoners Jay and Silent Bob, so when they get no profit from a big-screen adaptation, they set out to wreck the movie.",Kevin Smith
411, The Terminal,2004,2h 8m,PG-13,7.4,"An Eastern European tourist unexpectedly finds himself stranded in JFK airport, and must take up temporary residence there.",Steven Spielberg
412, Along Came Polly,2004,1h 30m,PG-13,6,A buttoned-up newlywed finds his strictly organized life descend into chaos when he falls in love with an old classmate.,John Hamburg
413, The Devil's Rejects,2005,1h 47m,R,6.7,"The murderous, backwoods Firefly family take to the road to escape the vengeful Sheriff Wydell, who is not afraid of being as ruthless as his target.",Rob Zombie
414, District 13: Ultimatum,2009,1h 41m,R,6.5,"Damien and Leito return to District 13 on a mission to bring peace to the troubled sector that is controlled by five different gang bosses, before the city's secret services take drastic measures to solve the problem.",Patrick Alessandrin
415, The Mummy Returns,2001,2h 10m,PG-13,6.4,"The mummified body of Imhotep is shipped to a museum in London, where he once again wakes and begins his campaign of rage and terror.",Stephen Sommers
416, Alien³,1992,1h 54m,R,6.4,"Returning from LV-426, Ellen Ripley crash-lands on the maximum-security prison Fiorina 161, where she discovers that she has unwittingly brought along an unwelcome visitor.",David Fincher
417, Mrs,1993,2h 5m,PG-13,7.1,"After a bitter divorce, an actor disguises himself as a female housekeeper to spend time with his children held in custody by his former wife.",Chris Columbus
418, The Dukes of Hazzard,2005,1h 44m,PG-13,5.1,"Cousins Bo, Luke, and Daisy Duke, and their uncle Jesse, egg on the authorities of Hazzard County, Boss Hogg and Sheriff Coltrane.",Jay Chandrasekhar
419, Clerks II,2006,1h 37m,R,7.3,A calamity at Dante and Randal's shops sends them looking for new horizons - but they ultimately settle at the fast food empire Mooby's.,Kevin Smith
420, The Abyss,1989,2h 20m,PG-13,7.5,A civilian diving team is enlisted to search for a lost nuclear submarine and faces danger while encountering an alien aquatic species.,James Cameron
421, Scary Movie 2,2001,1h 23m,R,5.3,Four teens are tricked by a professor into visiting a haunted house for a school project.,Keenen Ivory Wayans
422, Mary Poppins,1964,2h 19m,G,7.8,"In turn of the century London, a magical nanny employs music and adventure to help two neglected children become closer to their father.",Robert Stevenson
423, Coach Carter,2005,2h 16m,PG-13,7.3,Controversy surrounds high school basketball coach Ken Carter after he benches his entire team for breaking their academic contract with him.,Thomas Carter
424, Police Academy,1984,1h 36m,R,6.7,"The mayor declares that anyone can enroll in the police academy irrespective of their physical condition or education level, and many misfits descend on the academy, including a young troublemaker who's forced to apply or go to jail.",Hugh Wilson
425, Cube,1997,1h 30m,R,7.1,A group of strangers awaken to find themselves placed in a giant cube. Each one of them is gifted with a special skill and they must work together to escape an endless maze of deadly traps.,Vincenzo Natali
426, Clerks,1994,1h 32m,R,7.7,"A day in the lives of two convenience clerks named Dante and Randal as they annoy customers, discuss movies, and play hockey on the store roof.",Kevin Smith
427, Black Book,2006,2h 25m,R,7.7,"In the Nazi-occupied Netherlands during World War II, a Jewish singer infiltrates the regional Gestapo headquarters for the Dutch resistance.",Paul Verhoeven
428, Final Destination 3,2006,1h 33m,R,5.8,Wendy Christensen and a group of teens who escaped a fatal roller-coaster crash face a bloody date with Death.,James Wong
429, Corpse Bride,2005,1h 17m,PG,7.4,"When a shy groom practices his wedding vows in the inadvertent presence of a deceased young woman, she rises from the grave assuming he has married her.",Tim Burton
430, The Texas Chainsaw Massacre,2003,1h 38m,R,6.2,"After picking up a traumatized young hitchhiker, five friends find themselves stalked and hunted by a deformed chainsaw-wielding loon and his family of equally psychopathic killers.",Marcus Nispel
431, Halloween,1978,1h 31m,R,7.7,"Fifteen years after murdering his sister on Halloween night 1963, Michael Myers escapes from a mental hospital and returns to the small town of Haddonfield, Illinois to kill again.",John Carpenter
432, What Lies Beneath,2000,2h 10m,PG-13,6.6,The wife of a university research scientist believes that her lakeside Vermont home is haunted by a ghost - or that she is losing her mind.,Robert Zemeckis
433, Snakes on a Plane,2006,1h 45m,R,5.5,"An FBI agent takes on a plane full of deadly venomous snakes, deliberately released to kill a witness being flown from Honolulu to Los Angeles to testify against a mob boss.",David R. Ellis
434, G-Force,2009,1h 28m,PG,5.1,A specially trained squad of guinea pigs is dispatched to stop a diabolical billionaire from taking over the world.,Hoyt Yeatman
435, The Black Dahlia,2006,2h 1m,R,5.6,"Two policemen see their personal and professional lives fall apart in the wake of the ""Black Dahlia"" Elizabeth Short murder investigation.",Brian De Palma
436, The World Is Not Enough,1999,2h 8m,PG-13,6.4,"James Bond uncovers a nuclear plot while protecting an oil heiress from her former kidnapper, an international terrorist who can't feel pain.",Michael Apted
437, Rat Race,2001,1h 52m,PG-13,6.5,A Las Vegas casino magnate determined to find a new avenue for wagering sets up a race for money.,Jerry Zucker
438, Final Destination,2000,1h 38m,R,6.7,"After getting a premonition about a plane crash on his school trip, Alex, a student, saves a few of his classmates. However, their situation gets complicated when death starts chasing them.",James Wong
439, Brüno,2009,1h 21m,R,5.9,"Flamboyant, gay Austrian Brüno looks for new fame in America.",Larry Charles
440, Jurassic Park III,2001,1h 32m,PG-13,5.9,"A decidedly odd couple with ulterior motives convince Dr. Grant to go to Isla Sorna for a holiday, but their unexpected landing startles the island's new inhabitants.",Joe Johnston
441, Disaster Movie,2008,1h 27m,PG-13,1.9,"Over the course of one evening, an unsuspecting group of twenty-somethings find themselves bombarded by a series of natural disasters and catastrophic events.",Jason Friedberg
442, The Exorcism of Emily Rose,2005,1h 59m,PG-13,6.7,A lawyer takes on a negligent homicide case involving a priest who performed an exorcism on a young girl.,Scott Derrickson
443, The Skeleton Key,2005,1h 44m,PG-13,6.5,A hospice nurse working at a spooky New Orleans plantation home finds herself entangled in a mystery involving the house's dark past.,Iain Softley
444, Lethal Weapon,1987,1h 49m,R,7.6,Two newly paired cops who are complete opposites must put aside their differences in order to catch a gang of drug smugglers.,Richard Donner
445," Dude, Where's My Car?",2000,1h 23m,PG-13,5.5,Two potheads wake up after a night of partying and cannot remember where they parked their car.,Danny Leiner
446, Over the Hedge,2006,1h 23m,PG,6.7,"A scheming raccoon fools a mismatched family of forest creatures into helping him repay a debt of food, by invading the new suburban sprawl that popped up while they were hibernating...and learns a lesson about family himself.",Tim Johnson
447, Cheaper by the Dozen,2003,1h 38m,PG,5.9,"With his wife on a book tour, Tom Baker finds his life turned upside down when he agrees to care for his twelve children while simultaneously also coaching his new football team.",Shawn Levy
448, 13 Going on 30,2004,1h 38m,PG-13,6.3,"Unpopular schoolgirl Jenna Rink makes an unusual wish on her birthday. Miraculously, her wish comes true and the 13-year-old Jenna wakes up the next day as a 30-year-old woman.",Gary Winick
449, Planet of the Apes,1968,1h 52m,G,8,An astronaut crew crash-lands on a planet where highly intelligent non-human ape species are dominant and humans are enslaved.,Franklin J. Schaffner
450, Jumanji,1995,1h 44m,PG,7.1,"When two kids find and play a magical board game, they release a man trapped in it for decades - and a host of dangers that can only be stopped by finishing the game.",Joe Johnston
451, Deep Impact,1998,2h,PG-13,6.2,"A comet is discovered to be on a collision course with Earth. As doomsday nears, the human race prepares for the worst.",Mimi Leder
452, Pocahontas,1995,1h 21m,G,6.7,An English soldier and the daughter of an Algonquin chief share a romance when English colonists invade seventeenth century Virginia.,Mike Gabriel
453, Wild Hogs,2007,1h 40m,PG-13,5.8,"A group of suburban biker wannabes looking for adventure hit the open road, but get more than they bargained for when they encounter a New Mexico gang called the Del Fuegos.",Walt Becker
454, Alice in Wonderland,1951,1h 15m,Approved,7.3,Alice stumbles into the world of Wonderland. Will she get home? Not if the Queen of Hearts has her way.,Clyde Geronimi
455, Four Rooms,1995,1h 38m,R,6.7,Four interlocking tales that take place in a fading hotel on New Year's Eve.,Allison Anders
456, The Ruins,2008,1h 30m,R,5.9,"A leisurely Mexican holiday takes a turn for the worse when a group of friends and a fellow tourist embark on a remote archaeological dig in the jungle, where something evil lives among the ruins.",Carter Smith
457, Happy Feet,2006,1h 48m,PG,6.4,"Into the world of the Emperor Penguins, who find their soul mates through song, a penguin is born who cannot sing. But he can tap dance something fierce!",George Miller
458, Mission: Impossible II,2000,2h 3m,PG-13,6.1,"IMF agent Ethan Hunt is sent to Sydney to find and destroy a genetically modified disease called ""Chimera"".",John Woo
459, Elf,2003,1h 37m,PG,7.1,"Raised as an oversized elf, Buddy travels from the North Pole to New York City to meet his biological father, Walter Hobbs, who doesn't know he exists and is in desperate need of some Christmas spirit.",Jon Favreau
460, The Hills Have Eyes 2,2007,1h 29m,R,5.1,A group of National Guard trainees find themselves battling against a vicious group of mutants on their last day of training in the desert.,Martin Weisz
461, What Women Want,2000,2h 7m,PG-13,6.5,"A cocky, chauvinistic advertising executive magically acquires the ability to hear what women are thinking.",Nancy Meyers
462, Winter in Wartime,2008,1h 43m,R,7,"In German-occupied Netherlands, a teenage boy gets involved in the Dutch resistance after coming to the aid of a wounded RAF pilot.",Martin Koolhoven
463, Dreamcatcher,2003,2h 14m,R,5.5,Friends on a camping trip discover that the town they're vacationing in is being plagued in an unusual fashion by parasitic aliens from outer space.,Lawrence Kasdan
464, Epic Movie,2007,1h 26m,PG-13,2.4,"A spoof on previous years' epic movies (The Da Vinci Code (2006), The Chronicles of Narnia: The Lion, the Witch and the Wardrobe (2005) + 20 more), TV series, music videos and celebs. 4 orphans are on an epic adventure.",Jason Friedberg
465, Gremlins,1984,1h 46m,PG,7.3,A young man inadvertently breaks three important rules concerning his new pet and unleashes a horde of malevolently mischievous monsters on a small town.,Joe Dante
466, Miss Congeniality,2000,1h 49m,PG-13,6.3,"Gracie Hart, a tomboyish detective, is made to infiltrate the Miss United States beauty pageant as a contestant after her department learns that the event is under threat from an anonymous bomber.",Donald Petrie
467, John Q,2002,1h 56m,PG-13,7.1,John Quincy Archibald takes a hospital emergency room hostage when his insurance won't cover his son's heart transplant.,Nick Cassavetes
468, Spy Kids,2001,1h 28m,PG,5.6,"Two kids become spies in attempt to save their ex-spies parents from an evil mastermind. Armed with a bag of high tech gadgets, Carmen and Juni will bravely crisscross the globe on a mission to save their parents and maybe even the world.",Robert Rodriguez
469, Saw II,2005,1h 33m,R,6.6,A detective and his team must rescue 8 people trapped in a factory by a man known as Jigsaw.,Darren Lynn Bousman
470, Did You Hear About the Morgans?,2009,1h 43m,PG-13,4.9,"In New York City, an estranged couple who witness a murder are relocated to small town Wyoming as part of the Witness Protection Program.",Marc Lawrence
471, DOA: Dead or Alive,2006,1h 27m,PG-13,4.8,"The world's best fighters are invited to DOA, an invitational martial arts contest. There, four female rival fighters will have to work together to uncover the secret that the organizer of the tournament is trying to hide.",Corey Yuen
472, Catwoman,2004,1h 44m,PG-13,3.4,"A shy woman, endowed with the speed, reflexes, and senses of a cat, walks a thin line between criminal and hero, even as a detective doggedly pursues her, fascinated by both of her personas.",Pitof
473, Scary Movie 3,2003,1h 24m,PG-13,5.5,"Cindy must investigate mysterious crop circles and video tapes, and help the President in preventing an alien invasion.",David Zucker
474, Freaky Friday,2003,1h 37m,PG,6.3,"An overworked mother and her daughter did not get along. When they switch bodies, each is forced to adapt to the other's life for one freaky Friday.",Mark Waters
475, Beverly Hills Cop,1984,1h 45m,R,7.4,A freewheeling Detroit cop pursuing a murder investigation finds himself dealing with the very different culture of Beverly Hills.,Martin Brest
476, Aliens vs,2007,1h 34m,R,4.6,"Warring Alien and Predator races descend on a rural Colorado town, where unsuspecting residents must band together for any chance of survival.",Colin Strause
477, Tomorrow Never Dies,1997,1h 59m,PG-13,6.5,James Bond sets out to stop a media mogul's plan to induce a war between China and the United Kingdom.,Roger Spottiswoode
478, Alien vs,2004,1h 41m,PG-13,5.7,"During an archaeological expedition on Bouvetøya Island in Antarctica, a team of archaeologists and other scientists find themselves caught up in a battle between the two legends. Soon, the team realize that only one species can win.",Paul W.S. Anderson
479, What a Girl Wants,2003,1h 45m,PG,5.8,"An American teenager learns that her father is a wealthy British politician running for office. Although she is eager to find him, she realizes it could cause a scandal and cost him the election.",Dennie Gordon
480, Evil Dead II,1987,1h 24m,R,7.7,"Ash Williams, the lone survivor of an earlier onslaught of flesh-possessing spirits, holes up in a cabin with a group of strangers while the demons continue their attack.",Sam Raimi
481, My Bloody Valentine,2009,1h 41m,R,5.4,"Tom returns to his hometown on the tenth anniversary of the Valentine's night massacre that claimed the lives of 22 people. Instead of a homecoming, Tom finds himself suspected of committing the murders, and it seems like his old flame is the only one that believes he's innocent.",Patrick Lussier
482, Passengers,2008,1h 33m,PG-13,5.8,A grief counselor working with a group of plane-crash survivors finds herself at the root of a mystery when her clients begin to disappear.,Rodrigo García
483, I Know What You Did Last Summer,1997,1h 41m,R,5.8,Four young friends bound by a tragic accident are reunited when they find themselves being stalked by a hook-wielding maniac in their small seaside town.,Jim Gillespie
484, The Texas Chainsaw Massacre: The Beginning,2006,1h 31m,R,5.8,"Before being sent to serve in Vietnam, two brothers and their girlfriends take one last road trip, but when they get into an accident, a terrifying experience will take them to a secluded house of horrors, with a chainsaw-wielding killer.",Jonathan Liebesman
485, Paycheck,2003,1h 59m,PG-13,6.3,What seemed like a breezy idea that would net an engineer millions of dollars ends up leaving him on the run for his life and trying to piece together why he's being chased.,John Woo
486, Starsky & Hutch,2004,1h 41m,PG-13,6.1,"Two streetwise cops bust criminals in their red and white Ford Gran Torino, with the help of a police snitch called ""Huggy Bear"".",Todd Phillips
487, The Princess Diaries 2: Royal Engagement,2004,1h 53m,G,5.8,"Now settled in Genovia, Princess Mia faces a new revelation: she is being primed for an arranged marriage to an English suitor.",Garry Marshall
488, Mad Max 2: The Road Warrior,1981,1h 36m,R,7.6,"In the post-apocalyptic Australian wasteland, a cynical drifter agrees to help a small, gasoline-rich community get rid of a horde of bandits.",George Miller
489, Tarzan,1999,1h 28m,G,7.3,A man raised by gorillas must decide where he really belongs when he discovers he is a human.,Chris Buck
490, Miami Vice,2006,2h 12m,R,6.1,"Based on the 1980s TV action/drama, this update focuses on vice detectives Crockett and Tubbs as their respective personal and professional lives become dangerously intertwined.",Michael Mann
491, Shark Tale,2004,1h 30m,PG,6,"When a son of a gangster shark boss is accidentally killed while on the hunt, his would-be prey and his vegetarian brother decide to use the incident to their own advantage.",Bibo Bergeron
492, The Time Machine,2002,1h 36m,PG-13,6,"Hoping to alter the events of the past, a 19th century inventor instead travels 800,000 years into the future, where he finds humankind divided into two warring races.",Simon Wells
493, The Grudge,2004,1h 31m,PG-13,5.9,"An American nurse living and working in Tokyo is exposed to a mysterious supernatural curse, one that locks a person in a powerful rage before claiming their life and spreading to another victim.",Takashi Shimizu
494, Freddy vs,2003,1h 37m,R,5.7,"Freddy Krueger and Jason Voorhees return to terrorize the teenagers of Elm Street. Only this time, they're out to get each other, too.",Ronny Yu
495, Behind Enemy Lines,2001,1h 46m,PG-13,6.4,"A disillusioned pilot shot down over war-torn Bosnia goes on the run from the local military and an assassin, as his commanding officer risks all to save him.",John Moore
496, Saw V,2008,1h 32m,R,5.8,"Following Jigsaw's grisly demise, Mark Hoffman is commended as a hero, but Agent Strahm is suspicious, and delves into Hoffman's past. Meanwhile, another group of people are put through a series of gruesome tests.",David Hackl
497, Runaway Jury,2003,2h 7m,PG-13,7.1,A juror on the inside and a woman on the outside manipulate a court trial involving a major gun manufacturer.,Gary Fleder
498, The Eye,2008,1h 38m,PG-13,5.4,"Violinist Sydney Wells was accidentally blinded by her sister Helen when she was five years old. She submits to a cornea transplantation, and while recovering from the operation, she realizes that she is seeing dead people.",David Moreau
499, Romeo Must Die,2000,1h 55m,R,6.1,An avenging cop seeks out his brother's killer and falls for the daughter of a businessman who is involved in a money-deal with his father.,Andrzej Bartkowiak
500, Rules of Engagement,2000,2h 8m,R,6.4,An attorney defends an officer on trial for ordering his troops to fire on civilians after they stormed a U.S. embassy in a Middle Eastern country.,William Friedkin
501, Analyze That,2002,1h 36m,R,5.9,"Mobster Paul Vitti is released into Dr. Ben Sobol's care, where only more chaos ensues.",Harold Ramis
502, Get Carter,2000,1h 42m,R,5.1,A Las Vegas mob enforcer travels back to his hometown to investigate his brother's mysterious death.,Stephen Kay
503, Freddy Got Fingered,2001,1h 27m,R,4.7,"An unemployed cartoonist moves back in with his parents and younger brother Freddy. When his parents demand he leave, he begins to spread rumors that his father is sexually abusing Freddy.",Tom Green
504, Transformers,2007,2h 24m,PG-13,7,"An ancient struggle between two Cybertronian races, the heroic Autobots and the evil Decepticons, comes to Earth, with a clue to the ultimate power held by a teenager.",Michael Bay
505, Hostel: Part II,2007,1h 34m,R,5.5,Three American college students studying abroad are lured to a Slovakian hostel and discover the grim reality behind it.,Eli Roth
506, Beerfest,2006,1h 50m,R,6.2,"Two brothers travel to Germany for Oktoberfest, only to stumble upon a secret, centuries-old competition described as a ""Fight Club"" with beer games.",Jay Chandrasekhar
507, The Condemned,2007,1h 53m,R,6,"Jack Conrad is awaiting the death penalty in a corrupt Central American prison. He is ""purchased"" by a wealthy television producer and taken to a desolate island where he must fight to the death against nine other condemned killers from all corners of the world, with freedom going to the sole survivor.",Scott Wiper
508, Predator 2,1990,1h 48m,R,6.3,"The Predator returns to Earth, this time to stake a claim on the war-torn streets of a dystopian Los Angeles.",Stephen Hopkins
509, How the Grinch Stole Christmas,2000,1h 44m,PG,6.3,"On the outskirts of Whoville lives a green, revenge-seeking Grinch who plans to ruin Christmas for all of the citizens of the town.",Ron Howard
510, The Wicker Man,2006,1h 42m,PG-13,3.8,"A sheriff investigating the disappearance of a young girl from a small island discovers there's a larger mystery to solve among the island's secretive, neo-pagan community.",Neil LaBute
511, Assault on Precinct 13,2005,1h 49m,R,6.3,"A police sergeant must rally the cops and prisoners together to protect themselves on New Year's Eve, just as corrupt policeman surround the station with the intent of killing all to keep their deception in the ranks.",Jean-François Richet
512, Robots,2005,1h 31m,PG,6.4,"In a robot world, a young idealistic inventor travels to the big city to join his inspiration's company, only to find himself opposing its sinister new management.",Chris Wedge
513, Mr,2002,1h 36m,PG-13,5.8,"A sweet-natured, small-town guy inherits a controlling stake in a media conglomerate and begins to do business his way.",Steven Brill
514, Superhero Movie,2008,1h 15m,PG-13,4.7,"Orphaned high school student Rick Riker is bitten by a radioactive dragonfly, develops super powers (except for the ability to fly), and becomes a hero.",Craig Mazin
515, Lilo & Stitch,2002,1h 25m,PG,7.3,"A young and parentless girl adopts a 'dog' from the local pound, completely unaware that it's supposedly a dangerous scientific experiment that's taken refuge on Earth and is now hiding from its creator and those who see it as a menace.",Dean DeBlois
516, Saw IV,2007,1h 33m,R,5.9,"Despite Jigsaw's death, and in order to save the lives of two of his colleagues, Lieutenant Rigg is forced to take part in a new game, which promises to test him to the limit.",Darren Lynn Bousman
517, 40 Days and 40 Nights,2002,1h 36m,R,5.6,"After a brutal break-up, a young man vows to stay celibate during the forty days of Lent, but finds the girl of his dreams and is unable to do anything about it.",Michael Lehmann
518, Rambo: First Blood Part II,1985,1h 36m,R,6.5,Rambo returns to the jungles of Vietnam on a mission to infiltrate an enemy base-camp and rescue the American POWs still held captive there.,George P. Cosmatos
519, Enter the Dragon,1973,1h 42m,R,7.6,A Shaolin martial artist travels to an island fortress to spy on an opium lord - who is also a former monk from his temple - under the guise of attending a fighting tournament.,Robert Clouse
520, The Addams Family,1991,1h 39m,PG-13,6.9,Con artists plan to fleece an eccentric family using an accomplice who claims to be their long-lost uncle.,Barry Sonnenfeld
521, The Spiderwick Chronicles,2008,1h 36m,PG,6.5,"Upon moving into the run-down Spiderwick Estate with their mother, twin brothers Jared and Simon Grace, along with their sister Mallory, find themselves pulled into an alternate world full of faeries and other creatures.",Mark Waters
522, Elektra,2005,1h 37m,PG-13,4.7,"Elektra the warrior survives a near-death experience, becomes an assassin-for-hire, and tries to protect her two latest targets, a single father and his young daughter, from a group of supernatural assassins.",Rob Bowman
523, 8MM,1999,2h 3m,R,6.6,"A private investigator is hired to discover if a ""snuff film"" is authentic or not.",Joel Schumacher
524, Æon Flux,2005,1h 33m,PG-13,5.4,"Æon Flux is a mysterious assassin working for the Monicans, a group of rebels trying to overthrow the government. When she is sent on a mission to kill the Chairman, a whole new mystery is found.",Karyn Kusama
525, Joy Ride,2001,1h 37m,R,6.6,"Three young people on a road trip from Colorado to New Jersey talk to a trucker on their CB radio, then must escape when he turns out to be a psychopathic killer.",John Dahl
526, Space Jam,1996,1h 28m,PG,6.5,"In a desperate attempt to win a basketball match and earn their freedom, the Looney Tunes seek the aid of retired basketball champion, Michael Jordan.",Joe Pytka
527, Goldfinger,1964,1h 50m,Approved,7.7,"While investigating a gold magnate's smuggling, James Bond uncovers a plot to contaminate the Fort Knox gold reserve.",Guy Hamilton
528, How High,2001,1h 33m,R,6.2,"Two guys by the name of Silas and Jamal decided to one day smoke something magical, which eventually helps them to ace their college entrance exam.",Jesse Dylan
529, Home Alone 2: Lost in New York,1992,2h,PG,6.9,"Kevin accidentally boards a flight to New York City and gets separated from his family who are on their way to Miami. He then bumps into two of his old enemies, who plan to rob a toy store.",Chris Columbus
530, Flash Gordon,1980,1h 51m,PG,6.5,A football player and his friends travel to the planet Mongo and find themselves fighting the tyranny of Ming the Merciless to save Earth.,Mike Hodges
531, The Naked Gun: From the Files of Police Squad!,1988,1h 25m,PG-13,7.6,Incompetent police Detective Frank Drebin must foil an attempt to assassinate Queen Elizabeth II.,David Zucker
532, Conan the Destroyer,1984,1h 43m,PG,5.9,Conan leads a ragtag group of adventurers on a quest for a princess.,Richard Fleischer
533, Semi-Pro,2008,1h 31m,R,5.8,"Jackie Moon, the owner-coach-player of the American Basketball Association's Flint Michigan Tropics, rallies his teammates to make their NBA dreams come true.",Kent Alterman
534, Ghostbusters II,1989,1h 48m,PG,6.6,The discovery of a massive river of ectoplasm and a resurgence of spectral activity allows the staff of Ghostbusters to revive the business.,Ivan Reitman
535, Deep Blue Sea,1999,1h 45m,R,5.9,"Searching for a cure to Alzheimer's disease, a group of scientists on an isolated research facility become the prey, as a trio of intelligent sharks fight back.",Renny Harlin
536, Surf's Up,2007,1h 25m,PG,6.7,"A behind-the-scenes look at the annual Penguin World Surfing Championship, and its newest participant, up-and-comer Cody Maverick.",Ash Brannon
537, My Sassy Girl,2008,1h 32m,PG-13,6.2,"A sweet Midwestern guy with his life planned out for himself is wooed, groomed, and ultimately dumped by a complicated, elusive gal.",Yann Samuell
538, In Her Shoes,2005,2h 10m,PG-13,6.5,"Strait-laced Rose breaks off relations with her party girl sister, Maggie, over an indiscretion involving Rose's boyfriend. The chilly atmosphere is broken with the arrival of Ella, the grandmother neither sister knew existed.",Curtis Hanson
539, The X Files: I Want to Believe,2008,1h 44m,PG-13,5.9,Mulder and Scully are called back to duty by the FBI when a former priest claims to be receiving psychic visions pertaining to a kidnapped agent.,Chris Carter
540, Evolution,2001,1h 41m,PG-13,6.1,"A fire-fighting cadet, two college professors, and a geeky but sexy government scientist work against an alien organism that has been rapidly evolving since its arrival on Earth inside a meteor.",Ivan Reitman
541, Dr,1962,1h 50m,PG,7.2,A resourceful British government agent seeks answers in a case involving the disappearance of a colleague and the disruption of the American space program.,Terence Young
542," You, Me and Dupree",2006,1h 50m,PG-13,5.6,"A best man (Wilson) stays on as a houseguest with the newlyweds, much to the couple's annoyance.",Anthony Russo
543, The Wedding Planner,2001,1h 43m,PG-13,5.3,Mary Fiore is San Francisco's most successful supplier of romance and glamor. She knows all the tricks. She knows all the rules. But then she breaks the most important rule of all: she falls in love with the groom.,Adam Shankman
544, Nanny McPhee,2005,1h 37m,PG,6.6,"Widower Cedric Brown hires Nanny McPhee to care for his seven rambunctious children, who have chased away all previous nannies. Taunted by Simon and his siblings, Nanny McPhee uses mystical powers to instill discipline.",Kirk Jones
545, Thir13en Ghosts,2001,1h 31m,R,5.6,"When Cyrus Kriticos, a very rich collector of unique things, dies, he leaves his house, fortune, and his prized collection of ghosts.",Steve Beck
546, Lara Croft: Tomb Raider - The Cradle of Life,2003,1h 57m,PG-13,5.5,"Adventurer Lara Croft goes on a quest to save the mythical Pandora's Box, before an evil scientist finds it, and recruits a former Marine turned mercenary to assist her.",Jan de Bont
547, Gothika,2003,1h 38m,R,5.8,"A psychiatrist awakens as a patient in a mental institution, with no memory of the murder she's accused of committing. As she tries to regain her memory, a vengeful spirit manipulates her.",Mathieu Kassovitz
548, Mr,2007,1h 30m,G,6.4,"Mr. Bean wins a trip to Cannes where he unwittingly separates a young boy from his father and must help the two reunite. On the way he discovers France, bicycling, and true love.",Steve Bendelack
549, Fun with Dick and Jane,2005,1h 30m,PG-13,6.2,"When an affluent couple lose all their money following a series of blunders, they turn to a life of crime to make ends meet.",Dean Parisot
550, Psycho,1998,1h 45m,R,4.6,"In Gus Van Sant's remake of Alfred Hitchcock's classic, young female bank employee Marion Crane steals money from her boss in Phoenix, flees town, and arrives at Fairvale, California's rundown Bates Motel, which has secrets of its own.",Gus Van Sant
551, The Polar Express,2004,1h 40m,G,6.6,"On Christmas Eve, a young boy embarks on a magical adventure to the North Pole on the Polar Express, while learning about friendship, bravery, and the spirit of Christmas.",Robert Zemeckis
552, Rambo III,1988,1h 42m,R,5.8,Rambo mounts a one-man mission to rescue his friend Colonel Trautman from the clutches of the formidable invading Soviet forces in Afghanistan.,Peter MacDonald
553, Friday the 13th,1980,1h 35m,R,6.4,"A group of teenage camp counselors attempt to re-open an abandoned summer camp with a tragic past, but they are stalked by a mysterious, relentless killer.",Sean S. Cunningham
554, The Rookie,2002,2h 7m,G,6.9,A Texas baseball coach makes the major league after agreeing to try out if his high school team made the playoffs.,John Lee Hancock
555, Universal Soldier,1992,1h 42m,R,6.1,Soldiers who were killed in action are brought back to life in a top secret military experiment that creates superhuman warriors.,Roland Emmerich
556, The Family Man,2000,2h 5m,PG-13,6.8,"A fast-lane investment broker, offered the opportunity to see how the other half lives, wakes up to find that his sports car and girlfriend have become a mini-van and wife.",Brett Ratner
557, Bad Santa,2003,1h 32m,R,7,A miserable conman and his partner pose as Santa and his Little Helper to rob department stores on Christmas Eve. But they run into problems when the conman befriends a troubled kid.,Terry Zwigoff
558, Che: Part One,2008,2h 14m,Not Rated,7.1,"In 1956, Ernesto 'Che' Guevara and a band of Castro-led Cuban exiles mobilize an army to topple the regime of dictator Fulgencio Batista.",Steven Soderbergh
559, Rampage,2009,1h 25m,R,6.2,A man with a thirst for revenge builds a full body armor from Kevlar and goes on a killing spree.,Uwe Boll
560, The Long Kiss Goodnight,1996,2h 1m,R,6.8,"Samantha Caine lives in a small town with her daughter. Eight years ago she emerged, two months pregnant, from a nearby river with no memory of her past or who she is. However, she's getting closer to finding out about her past.",Renny Harlin
561, The Hunchback of Notre Dame,1996,1h 31m,G,7,"A deformed bell-ringer must assert his independence from a vicious government minister in order to help his friend, a gypsy dancer.",Gary Trousdale
562, Hide and Seek,2005,1h 41m,R,5.9,"As a widower tries to piece together his life in the wake of his wife's suicide, his daughter finds solace, at first, in her imaginary friend.",John Polson
563, 101 Dalmatians,1996,1h 43m,G,5.7,An evil high-fashion designer plots to steal dalmatian puppies in order to make an extravagant fur coat but creates an extravagant mess instead.,Stephen Herek
564, Analyze This,1999,1h 43m,R,6.7,A comedy about a psychiatrist whose number-one patient is an insecure mob boss.,Harold Ramis
565, Under Siege,1992,1h 43m,R,6.5,An ex-Navy Seal turned cook is the only person who can stop a group of terrorists when they seize control of a U.S. battleship.,Andrew Davis
566, Wayne's World 2,1993,1h 35m,PG-13,6.2,The inseparable duo try to organize a rock concert while Wayne must fend off a record producer who has an eye for his girlfriend.,Stephen Surjik
567, Good Bye Lenin!,2003,2h 1m,R,7.7,"In 1990, to protect his fragile mother from a fatal shock after a long coma, a young man must keep her from learning that her beloved nation of East Germany as she knew it has disappeared.",Wolfgang Becker
568, Bedazzled,2000,1h 33m,PG-13,6.1,"Hopeless dweeb Elliot Richards is granted seven wishes by the Devil to snare Allison, the girl of his dreams, in exchange for his soul.",Harold Ramis
569, Final Fantasy: The Spirits Within,2001,1h 46m,PG-13,6.4,A scientist makes a last stand on Earth with the help of a ragtag team of soldiers against an invasion of alien phantoms.,Hironobu Sakaguchi
570, Live and Let Die,1973,2h 1m,PG,6.7,James Bond is sent to stop a diabolically brilliant heroin magnate armed with a complex organisation and a reliable psychic tarot card reader.,Guy Hamilton
571, A View to a Kill,1985,2h 11m,PG,6.3,"The recovery of a microchip from the body of a fellow British secret agent leads James Bond to mad industrialist Max Zorin, who is scheming to cause massive destruction.",John Glen
572, Two for the Money,2005,2h 2m,R,6.2,"After suffering a career-ending knee injury, a former college football star aligns himself with one of the most renowned touts in the sports-gambling business.",D.J. Caruso
573, Flight of the Phoenix,2004,1h 53m,PG-13,6.1,Survivors of a plane crash in the Mongolian desert work together to build a new plane.,John Moore
574, Sister Act 2: Back in the Habit,1993,1h 47m,PG,5.7,Showgirl Deloris Van Cartier returns as Sister Mary Clarence to teach music to a group of Catholic students whose run-down school is slated for closure.,Bill Duke
575, Johnny English,2003,1h 27m,PG,6.3,"After a sudden attack on MI7, Johnny English, Britain's most confident, yet unintelligent spy, becomes Britain's only spy.",Peter Howitt
576, Post Grad,2009,1h 28m,PG-13,5.3,"Ryden Malby graduates from college and is forced to move back into her childhood home with her eccentric family, while she attempts to find a job, the right guy, and just a hint of where her life is headed.",Vicky Jenson
577, The Eye,2008,1h 38m,PG-13,5.4,"Violinist Sydney Wells was accidentally blinded by her sister Helen when she was five years old. She submits to a cornea transplantation, and while recovering from the operation, she realizes that she is seeing dead people.",David Moreau
578, Kingpin,1996,1h 54m,PG-13,6.9,"A star bowler whose career was prematurely ""cut off"" hopes to ride a new prodigy to success and riches.",Bobby Farrelly
579, Super Mario Bros,1993,1h 44m,PG,4.2,"Two Brooklyn plumbers, Mario and Luigi, must travel to another dimension to rescue a princess from the evil dictator King Koopa and stop him from taking over the world.",Annabel Jankel
580, The Whole Ten Yards,2004,1h 38m,PG-13,5.5,"Jimmy the Tulip's quiet new life is shaken up by his old pal Oz, whose wife has been kidnapped by a Hungarian mob. The Tulip and his wife Jill spring into action.",Howard Deutch
581, Peter Pan,1953,1h 17m,G,7.3,"Wendy and her brothers are whisked away to the magical world of Neverland with the hero of their stories, Peter Pan.",Clyde Geronimi
582, Windtalkers,2002,2h 14m,R,6.1,Two U.S. Marines in World War II are assigned to protect the Navajo Marines who use their native language as an unbreakable radio cipher.,John Woo
583, Final Fantasy VII: Advent Children,2005,1h 41m,PG-13,7.1,An ex-mercenary is forced out of isolation when three mysterious men kidnap and brainwash the city's children afflicted with the Geostigma disease.,Tetsuya Nomura
584, Stuart Little,1999,1h 24m,PG,6,"When the Littles adopt Stuart, the mouse, George is initially unwelcoming to his new brother, the family cat, Snowbell, is even less enthusiastic. Stuart resolves to face these difficulties with as much pluck and courage as he can muster.",Rob Minkoff
585, Jeepers Creepers,2001,1h 30m,R,6.2,A brother and sister driving home through isolated countryside for spring break encounter a flesh-eating creature which is in the midst of its ritualistic eating spree.,Victor Salva
586, Deuce Bigalow: Male Gigolo,1999,1h 28m,R,5.7,"An average aquarium cleaner house-sits for a gigolo, only to be forced to become one himself.",Mike Mitchell
587, Knockaround Guys,2001,1h 32m,R,6.1,"The wannabe sons of mobsters go to a remote town in the Midwest, and get themselves into more trouble than anyone could anticipate.",Brian Koppelman
588, The Messengers,2007,1h 30m,PG-13,5.3,"An ominous darkness invades a seemingly serene sunflower farm in North Dakota, and the Solomon family is torn apart by suspicion, mayhem and murder.",Danny Pang
589, Cool Runnings,1993,1h 38m,PG,7,"When a Jamaican sprinter is disqualified from the Olympic Games, he enlists the help of a dishonored coach to start the first Jamaican Bobsled Team.",Jon Turteltaub
590, Norbit,2007,1h 42m,PG-13,4.2,"A mild-mannered guy, who is married to a monstrous woman, meets the woman of his dreams, and schemes to find a way to be with her.",Brian Robbins
591, Open Season 2,2008,1h 16m,PG,5.5,"After falling head over hooves in love with Giselle, Elliot's road to the altar takes a slight detour when Mr. Weenie is 'kidnapped' by his human owners. A rescue mission starts. Oh, and there's also a group of pampered pets.",Matthew O'Callaghan
592, Far Cry,2008,1h 35m,R,3.2,An ex-special forces soldier turned boatman is hired by a journalist to investigate a top-secret military base on a nearby island.,Uwe Boll
593, Lethal Weapon 2,1989,1h 54m,R,7.3,Riggs and Murtaugh are on the trail of South African diplomats who are using their immunity to engage in criminal activities.,Richard Donner
594, Moonraker,1979,2h 6m,PG,6.2,"James Bond investigates the mid-air theft of a space shuttle, and discovers a plot to commit global genocide.",Lewis Gilbert
595, Never Say Never Again,1983,2h 14m,PG,6.1,"James Bond is called upon to try to recover nuclear bombs stolen by Spectre, but he will have to get rid of a professional assassin, hired especially to eliminate him.",Irvin Kershner
596, Goal! The Dream Begins,2005,1h 58m,PG,6.7,The extremely talented Santiago Muñez is spotted by a Newcastle United scout and given a chance at professional football.,Danny Cannon
597, Ali G Indahouse,2002,1h 25m,R,6.2,"Ali G unwittingly becomes a pawn in the Chancellor's plot to overthrow the Prime Minister of Great Britain. However, Ali is embraced by the nation as a voice of the youth, making the PM and his government more popular than ever.",Mark Mylod
598, Dinosaur,2000,1h 22m,PG,6.4,An orphaned dinosaur raised by lemurs joins an arduous trek to a sanctuary after a meteorite shower destroys his family home.,Eric Leighton
599, Alone in the Dark,2005,1h 36m,R,2.4,A detective of the paranormal slowly unravels mysterious events with deadly results.,Uwe Boll
600, Pinocchio,1940,1h 28m,Approved,7.5,"A living puppet, with the help of a cricket as his conscience, must prove himself worthy to become a real boy.",Norman Ferguson
601, Stan Helsing,2009,1h 30m,R,3.6,"A spoof on many horror movie series. Ending his shift at the video rental store, Stan is picked up by his BFF and 2 cute girls, all going to a Halloween party. Will they even get there?",Bo Zenga
602, Big Momma's House,2000,1h 39m,PG-13,5.2,"FBI agent Malcolm Turner goes undercover as a large, elderly woman to catch an escaped convict, but complications arise when he bonds with Sherry, the convict's ex-girlfriend and the woman's granddaughter.",Raja Gosnell
603, Conspiracy Theory,1997,2h 15m,R,6.7,"A taxi driver with a penchant for conspiracy theories becomes a target after one of these theories turns out to be true. Unfortunately, to save himself, he has to figure out which theory it is.",Richard Donner
604, Naked Gun 33 1/3: The Final Insult,1994,1h 23m,PG-13,6.5,Frank Drebin comes out of retirement to help Police Squad infiltrate a gang of terrorists planning to detonate a bomb at the Academy Awards.,Peter Segal
605, Octopussy,1983,2h 11m,PG,6.5,"A fake Fabergé egg recovered from the body of a fellow agent leads James Bond to uncover a jewel smuggling operation led by the mysterious Octopussy, and a plot to blow up a NATO air base.",John Glen
606, Torque,2004,1h 24m,PG-13,4.1,A biker returns from Thailand to set things straight with his girlfriend. One gang leader wants him for delivery of 2 motorbikes filled with crystal meth and another gang leader wants him for murdering his brother.,Joseph Kahn
607, Jaws: The Revenge,1987,1h 29m,PG-13,3,Chief Brody's widow believes that her family is deliberately being targeted by another shark in search of revenge.,Joseph Sargent
608, Home Alone 3,1997,1h 42m,PG,4.6,"Alex Pruitt, an 8-year-old boy living in Chicago, must fend off international spies who seek a top-secret computer chip in his toy car.",Raja Gosnell
609, He Got Game,1998,2h 16m,R,6.9,A basketball player's father must try to convince him to go to a college so he can get a shorter sentence.,Spike Lee
610, Shaft,2000,1h 39m,R,6,New York City police detective John Shaft (nephew of the original 1970s detective) goes on a personal mission to make sure the son of a real estate tycoon is brought to justice after a racially-motivated murder.,John Singleton
611, Babe,1995,1h 31m,G,6.9,"Gentle farmer Arthur Hoggett wins a piglet Babe at a county fair. Narrowly escaping his fate as Christmas dinner, Babe bonds with motherly border collie Fly and discovers that he too can herd sheep. But will the other animals accept him?",Chris Noonan
612, The Gift,2000,1h 51m,R,6.7,"Annabelle Wilson, a woman with psychic abilities, tries to find Jessica King, a young socialite who has mysteriously disappeared. While the search continues, she starts to suspect the townspeople.",Sam Raimi
613, Cheaper by the Dozen 2,2005,1h 34m,PG,5.5,The Bakers find themselves competing with a rival family of eight children while on vacation.,Adam Shankman
614, The Texas Chain Saw Massacre,1974,1h 23m,R,7.4,"Five friends head out to rural Texas to visit the grave of a grandfather. On the way they stumble across what appears to be a deserted house, only to discover something sinister within. Something armed with a chainsaw.",Tobe Hooper
615, Looney Tunes: Back in Action,2003,1h 31m,PG,5.8,Bugs Bunny and Daffy Duck team up with an aspiring stuntman and a studio executive in order to rescue the stuntman's missing father and locate a mythical diamond before the head of a major conglomerate uses it for his own wicked deeds.,Joe Dante
616, The Reaping,2007,1h 39m,R,5.6,"A former Christian missionary, who specializes in debunking religious phenomena, investigates a small town which seems to be suffering from the 10 biblical plagues.",Stephen Hopkins
617, The Ring Two,2005,1h 50m,PG-13,5.4,"6 months after the incidents involving the lethal videotape, new clues prove that there is a new evil lurking in the darkness.",Hideo Nakata
618, Collateral Damage,2002,1h 48m,R,5.5,"After his family is killed by a terrorist act, a firefighter goes in search of the one responsible.",Andrew Davis
619, The Longest Day,1962,2h 58m,G,7.7,"The events of D-Day, told on a grand scale from both the Allied and German points of view.",Ken Annakin
620, The SpongeBob SquarePants Movie,2004,1h 27m,PG,7.2,"SpongeBob takes leave from Bikini Bottom in order to track down, with Patrick, King Neptune's stolen crown.",Stephen Hillenburg
621, Raise Your Voice,2004,1h 43m,PG,5.8,"Terri Fletcher is a small town girl with the voice of a big-time singer. When personal tragedy interrupts her steady life, Terri defies her father's wishes and secretly heads off to spend a summer at a Los Angeles performing arts academy.",Sean McNamara
622, The Naked Gun 2½: The Smell of Fear,1991,1h 25m,PG-13,6.9,Lieutenant Frank Drebin discovers that his ex-girlfriend's new beau is involved in a plot to kidnap a scientist who advocates solar energy.,David Zucker
623, White Men Can't Jump,1992,1h 55m,R,6.8,"Two basketball hustlers, black Sidney Deane and white Billy Hoyle, join forces to double their chances of winning money on the street courts as well as in a tournament.",Ron Shelton
624, Mindhunters,2004,1h 46m,R,6.3,"A group of FBI trainees are taken to a remote island for simulation training. However, once there, they realize that they are being hunted by a serial killer, who might be someone amidst them.",Renny Harlin
625, The Forgotten,2004,1h 31m,PG-13,5.8,"After being told that their children never existed, a man and woman soon discover there is a much bigger enemy at work.",Joseph Ruben
626, Monster House,2006,1h 31m,PG,6.7,"Three teens discover that their neighbor's house is really a living, breathing, scary monster.",Gil Kenan
627, Resident Evil: Degeneration,2008,1h 38m,R,6.4,"Leon S. Kennedy and Claire Redfield must battle a rogue warrior seeking revenge after unleashing the deadly G-Virus, whilst a mutated monster goes on a rampage.",Makoto Kamiya
628, Police Academy 4: Citizens on Patrol,1987,1h 28m,PG,5,The misfit Police Academy (1984) graduates now are assigned to train a group of civilian volunteers to fight crime once again plaguing the streets.,Jim Drake
629, Street Fighter,1994,1h 42m,PG-13,4.1,"In the midst of a civil war in South East Asia, a general intensifies the climate of violence by kidnapping 63 UN delegates. To free the hostages, a colonel leads a group of fighters, who will have to use all their skills to be successful.",Steven E. de Souza
630, Bride & Prejudice,2004,2h 2m,PG-13,6.2,"A modern adaptation of Jane Austen's classic novel, Pride and Prejudice, that features the lives of four unmarried daughters in an Indian family.",Gurinder Chadha
631, About Schmidt,2002,2h 5m,R,7.2,"Newly retired from the insurance industry, Omaha native Warren Schmidt embarks on an RV journey to his estranged daughter Jeannie's wedding in Denver Colorado, only to discover more about himself and life than he ever expected.",Alexander Payne
632, Employee of the Month,2006,1h 43m,PG-13,5.6,"A slacker competes with a repeat winner for the ""Employee of the Month"" title at work, in order to gain the affections of a new female employee.",Greg Coolidge
633, Brother Bear,2003,1h 25m,G,6.9,"When a young Inuit hunter needlessly kills a bear, he is magically changed into a bear himself as punishment with a talkative cub being his only guide to changing back.",Aaron Blaise
634, Dumbo,1941,1h 4m,G,7.2,"Ridiculed because of his enormous ears, a young circus elephant is assisted by a mouse to achieve his full potential.",Samuel Armstrong
635, The Karate Kid Part II,1986,1h 53m,PG,6.1,"Daniel accompanies his mentor, Mr. Miyagi, to Miyagi's childhood home in Okinawa. Miyagi visits his dying father and confronts his old rival, while Daniel falls in love and inadvertently makes a new rival of his own.",John G. Avildsen
636, Kiss of the Dragon,2001,1h 38m,R,6.6,A betrayed intelligence officer enlists the aid of a prostitute to prove his innocence from a deadly conspiracy while returning a favor to her.,Chris Nahon
637, Crocodile Dundee,1986,1h 37m,PG-13,6.6,"American reporter Sue Charlton travels to the Australian outback to meet eccentric poacher Mick ""Crocodile"" Dundee and invites him to New York City, where he comes face-to-face with the complexities of modern life. Can this bushman adapt?",Peter Faiman
638, Escape from L,1996,1h 41m,R,5.7,"Snake Plissken is once again called in by the United States government to recover a potential doomsday device from Los Angeles, now an autonomous island where undesirables are deported.",John Carpenter
639, The Messenger: The Story of Joan of Arc,1999,2h 28m,R,6.4,A young girl receives a vision that drives her to rid France of its oppressors.,Luc Besson
640, The Fox and the Hound,1981,1h 23m,G,7.2,"A fox named Tod and a hound named Copper vow to be best friends forever. But as Copper grows into a hunting dog, their unlikely friendship faces the ultimate test.",Ted Berman
641, Bandidas,2006,1h 33m,PG-13,5.7,"In turn-of-the-century Mexico, two very different women become a bank-robbing duo in an effort to combat a ruthless enforcer terrorizing their town.",Joachim Rønning
642, Big Momma's House 2,2006,1h 39m,PG-13,4.8,An FBI agent reprises his disguise as a corpulent old lady and takes a job as a nanny in a crime suspect's house.,John Whitesell
643, Lethal Weapon 3,1992,1h 58m,R,6.7,Martin Riggs and Roger Murtaugh pursue a former LAPD officer who uses his knowledge of police procedure and policies to steal and sell confiscated guns and ammunition to local street gangs.,Richard Donner
644, Escape from Alcatraz,1979,1h 52m,PG,7.6,"Alcatraz is the most secure prison of its time. It is believed that no one can ever escape from it, until three daring men make a possibly successful attempt at escaping from one of the most infamous prisons in the world.",Don Siegel
645, Deuce Bigalow: European Gigolo,2005,1h 23m,R,4.7,"Deuce is tricked again into man-whoring by T.J., only in Amsterdam while other man-whores are being murdered in his midst.",Mike Bigelow
646, Taxi,1998,1h 29m,Not Rated,7,"To work off his tarnished driving record, a hip taxi driver must chauffeur a loser police inspector on the trail of German bank robbers.",Gérard Pirès
647, Black Sheep,2006,1h 27m,Not Rated,5.8,An experiment in genetic engineering turns harmless sheep into bloodthirsty killers that terrorize a sprawling New Zealand farm.,Jonathan King
648, Imagine That,2009,1h 47m,PG,5.6,"A financial executive who can't stop his career downspiral is invited into his daughter's imaginary world, where solutions to his problems await.",Karey Kirkpatrick
649, Over Her Dead Body,2008,1h 35m,PG-13,5.3,A ghost tries to sabotage her former boyfriend's current relationship with a psychic.,Jeff Lowell
650, Mad Max Beyond Thunderdome,1985,1h 47m,PG-13,6.2,"After being exiled from the most advanced town in post-apocalyptic Australia, a drifter travels with a group of abandoned children to rebel against the town's queen.",George Miller
651, Coneheads,1993,1h 28m,PG,5.4,Aliens with conical crania crash-land on Earth.,Steve Barron
652, Lady and the Tramp,1955,1h 16m,G,7.3,The romantic tale of a sheltered uptown Cocker Spaniel dog and a streetwise downtown Mutt.,Clyde Geronimi
653, The Butterfly Effect 3: Revelations,2009,1h 30m,R,5.6,Sam Reide uses his power to time travel to solve the mystery of his girlfriend's death.,Seth Grossman
654, Charlotte's Web,2006,1h 37m,G,6.3,"Wilbur the pig is scared of the end of the season, because he knows that come that time, he will end up on the dinner table. He hatches a plan with Charlotte, a spider that lives in his pen, to ensure that this will never happen.",Gary Winick
655, The Butterfly Effect 2,2006,1h 32m,R,4.5,Nick Larson discovers a supernatural way to alter his life and travel back in time to key moments in his life by looking at photographs.,John R. Leonetti
656, Jaws 2,1978,1h 56m,PG,5.8,Police chief Brody must protect the citizens of Amity after a second monstrous shark begins terrorizing the waters.,Jeannot Szwarc
657, Glory Road,2006,1h 58m,PG,7.2,"In 1966, Texas Western coach Don Haskins led the first all-black starting line-up for a college basketball team to the NCAA national championship.",James Gartner
658, Scooby-Doo 2: Monsters Unleashed,2004,1h 33m,PG,5.3,The Mystery Inc. gang must save Coolsville from an attack of their past monsters brought to life by an evil masked figure trying to take down the gang.,Raja Gosnell
659, RoboCop 2,1990,1h 57m,R,5.8,"RoboCop returns to protect the citizens of old Detroit but faces a deadly challenge when a rogue OCP member secretly creates a new, evil RoboCop 2.",Irvin Kershner
660, Mean Machine,2001,1h 39m,R,6.4,A football star jailed for assault leads a group of inmates in a match against prison guards.,Barry Skolnick
661, Don't Say a Word,2001,1h 53m,R,6.3,"When the daughter of a psychiatrist is kidnapped, he's horrified to discover that the abductors' demand is that he break through to a post traumatic stress disorder suffering young woman who knows a secret...",Gary Fleder
662, Garfield: The Movie,2004,1h 20m,PG,5,"Jon Arbuckle buys a second pet, a dog named Odie. However, Odie is then abducted and it is up to Jon's cat, Garfield, to find and rescue the canine.",Peter Hewitt
663, Small Soldiers,1998,1h 50m,PG-13,6.3,"When missile technology is used to enhance toy action figures, the toys soon begin to take their battle programming too seriously.",Joe Dante
664, Taxi,2004,1h 37m,PG-13,4.6,A mouthy and feisty taxicab driver has hot tips for a green and inept cop set on solving a string of New York City bank robberies committed by a quartet of female Brazilian bank robbers.,Tim Story
665, Femme Fatale,2002,1h 54m,R,6.2,"A woman tries to straighten out her life, even as her past as a con-woman comes back to haunt her.",Brian De Palma
666, Daddy Day Care,2003,1h 32m,PG,5.6,Two men named Charlie Hinton and Phil Ryerson get laid off and have to become stay-at-home fathers when they can't find jobs. This inspires them to open their own day care center.,Steve Carr
667, Blue Streak,1999,1h 33m,PG-13,6.4,A former convict poses as a cop to retrieve a diamond he stole years ago.,Les Mayfield
668, The Cat in the Hat,2003,1h 22m,PG,4.1,Two bored children have their lives turned upside down when a talking cat comes to visit them.,Bo Welch
669, Cats & Dogs,2001,1h 27m,PG,5.2,"A look at the top-secret, high-tech espionage war going on between cats and dogs, of which their human owners are blissfully unaware.",Lawrence Guterman
670, Baise-moi,2000,1h 17m,Not Rated,4.4,"Two young women, marginalised by society, go on a destructive tour of sex and violence. Breaking norms and killing men - and shattering the complacency of polite cinema audiences.",Virginie Despentes
671, Beverly Hills Cop II,1987,1h 43m,R,6.6,"Axel Foley returns to Beverly Hills to help Taggart and Rosewood investigate Chief Bogomil's near-fatal shooting and the series of ""alphabet crimes"" associated with it.",Tony Scott
672, Dragonfly,2002,1h 44m,PG-13,6.1,A grieving doctor is being contacted by his deceased wife through her patients' near death experiences.,Tom Shadyac
673, Captivity,2007,1h 36m,R,4.6,"A man and a woman awaken to find themselves trapped in a cellar. As their kidnapper drives them mad, the truth about their horrific abduction is revealed.",Roland Joffé
674, Bride of Chucky,1998,1h 29m,R,5.6,"Chucky, the doll possessed by a serial killer, discovers the perfect mate to kill and revive into the body of another doll.",Ronny Yu
675, Cube²: Hypercube,2002,1h 34m,R,5.5,"Eight strangers awaken with no memory, in a puzzling cube-shaped room where the laws of physics do not always apply.",Andrzej Sekula
676, Ginger Snaps,2000,1h 48m,Not Rated,6.8,"Two death-obsessed sisters, outcasts in their suburban neighborhood, must deal with the tragic consequences when one of them is bitten by a deadly werewolf.",John Fawcett
677, Strange Wilderness,2008,1h 27m,R,5.2,"With the ratings dropping for a wilderness-themed television show, two animal fans go to the Andes Mountains in search of Bigfoot.",Fred Wolf
678, The Hunted,2003,1h 34m,R,6.1,An FBI deep-woods tracker attempts to capture a trained assassin who has made a sport of hunting humans.,William Friedkin
679, Ladder 49,2004,1h 55m,PG-13,6.5,"A firefighter, injured and trapped in a burning building, has flashbacks of his life as he drifts in and out of consciousness. Meanwhile, fellow firefighters led by the Chief attempt to rescue him.",Jay Russell
680, Bulletproof Monk,2003,1h 44m,PG-13,5.5,"Based on the very underground comic book of the same name, a Tibetan monk becomes a mentor to a young street punk and tries teaching him how to protect the scroll of ultimate power from a secret Nazi organization bent on world domination.",Paul Hunter
681, Bean,1997,1h 29m,PG-13,6.5,The bumbling Mr. Bean travels to America when he is given the responsibility of bringing a highly valuable painting to a Los Angeles museum.,Mel Smith
682, Jason X,2001,1h 32m,R,4.4,"Jason Voorhees is cryogenically frozen at the beginning of the 21st century, and is discovered in the 25th century and taken to space. He gets thawed, and begins stalking and killing the crew of the spaceship that's transporting him.",James Isaac
683, Cocoon,1985,1h 57m,PG-13,6.7,"When a group of trespassing seniors swim in a pool containing alien cocoons, they find themselves energized with youthful vigor.",Ron Howard
684, National Security,2003,1h 28m,PG-13,5.6,Two mismatched security guards are thrown together to bust a smuggling operation.,Dennis Dugan
685, The Grudge 2,2006,1h 42m,PG-13,5,Three interwoven stories about a terrible curse. A young woman encounters a malevolent supernatural force while searching for her missing sister in Tokyo; a mean high school prank goes horribly wrong; a woman with a deadly secret moves into a Chicago apartment building.,Takashi Shimizu
686, I Spy,2002,1h 37m,PG-13,5.4,A professional athlete has to help a U.S. government agent recover a missing jet.,Betty Thomas
687, Bubble Boy,2001,1h 24m,PG-13,5.7,Bubble Boy's been in a bubble all his life due to no immune system. A cute blonde girl befriends BB. Her boyfriend proposes and BB decides to travel across USA to Niagara Falls to stop the wedding.,Blair Hayes
688, Changing Lanes,2002,1h 38m,R,6.5,"A young lawyer and a businessman share a small automobile accident, and their mutual road rage escalates into a feud.",Roger Michell
689, Stuck on You,2003,1h 58m,PG-13,5.8,Conjoined twins from Martha's Vineyard move to Los Angeles so that one of them can pursue an acting career.,Bobby Farrelly
690, Spirit: Stallion of the Cimarron,2002,1h 23m,G,7.2,A captured mustang remains determined to return to his herd no matter what.,Kelly Asbury
691, Show Me Love,1998,1h 29m,Not Rated,7.5,"Two teenage girls in small-town Sweden. Elin is beautiful, popular, and bored with life. Agnes is friendless, sad, and secretly in love with Elin.",Lukas Moodysson
692, Beverly Hills Ninja,1997,1h 28m,PG-13,5.6,A man tries to rescue a woman with a little help from his half brother.,Dennis Dugan
693, Dragon Wars: D-War,2007,1h 47m,PG-13,3.5,"Once in 500 years, ancient mythical creatures come to Earth, wreaking havoc and destruction. This time they must be stopped.",Hyung-rae Shim
694, George of the Jungle,1997,1h 32m,PG,5.5,A man raised in the jungle by apes falls in love with a wealthy American heiress.,Sam Weisman
695, White Noise,2005,1h 41m,PG-13,5.5,An architect's desire to speak with his wife from beyond the grave becomes an obsession with supernatural repercussions.,Geoffrey Sax
696, Beethoven,1992,1h 27m,PG,5.7,"A slobbering St. Bernard becomes the center of attention for George and Alice Newton's loving family, who must contend with dog-napping local veterinarian Dr. Herman Varnick and his henchmen Harvey and Vernon.",Brian Levant
697, Herbie Fully Loaded,2005,1h 41m,G,4.9,"Maggie Peyton, the new owner of Herbie, Number 53, the free-wheelin' Volkswagen bug with a mind of its own, puts the car through its paces on the road to becoming a NASCAR competitor.",Angela Robinson
698, A Nightmare on Elm Street 3: Dream Warriors,1987,1h 36m,R,6.7,"A psychiatrist, familiar with knife-wielding dream demon, Freddy Krueger, helps teens at a mental hospital battle the killer who is invading their dreams.",Chuck Russell
699, Seed of Chucky,2004,1h 27m,R,4.9,"Chucky and Tiffany are resurrected by their innocent gender-confused child, Glen/Glenda, and hit Hollywood, where a movie depicting the killer dolls' murder spree is underway.",Don Mancini
700, Bratz,2007,1h 50m,PG,3.1,"During their first year of high school, four best girlfriends face off against the domineering student body President, who wants to split them up into different social cliques.",Sean McNamara
701, Biker Boyz,2003,1h 50m,PG-13,4.7,A son of the leader of a legendary group of an urban biker gang tries to retain his championship title.,Reggie Rock Bythewood
702, Exorcist: The Beginning,2004,1h 54m,R,5.1,"In 1947, having abandoned his faith, Father Merrin joins an archaeological excavation in Kenya, where an ancient church has been unearthed and something much older waits to be awoken.",Renny Harlin
703, Dennis the Menace,1993,1h 34m,PG,5.7,"When his parents must go out of town on business, Dennis stays with Mr. and Mrs. Wilson. He is driving Mr. Wilson crazy, but he is just trying to be helpful, even to the thief who has arrived in town.",Nick Castle
704, Boat Trip,2002,1h 34m,R,4.9,"Two straight men mistakenly end up on a ""gays only"" cruise.",Mort Nathan
705, Richie Rich,1994,1h 35m,PG,5.4,"Richie Rich is the richest kid in the world. The one thing Richie doesn't have is friends. When his parents suddenly go missing, Richie hooks up with a group of kids who just might fill the void in his life, while helping save his folks.",Donald Petrie
706, Jesus Christ Superstar,1973,1h 46m,G,7.4,"Film version of the musical stage play, presenting the last few weeks of Christ's life told in an anachronistic manner.",Norman Jewison
707, Eight Legged Freaks,2002,1h 39m,PG-13,5.5,Venomous spiders get exposed to a noxious chemical that causes them to grow to monumental proportions.,Ellory Elkayem
708, The Nutty Professor,1996,1h 35m,PG-13,5.7,Grossly overweight yet good-hearted professor Sherman Klump takes a special chemical that turns him into the slim but obnoxious Buddy Love.,Tom Shadyac
709, Swimfan,2002,1h 25m,PG-13,5.1,A high school senior with a promising swimming career has a one-night stand with consequences.,John Polson
710, A Goofy Movie,1995,1h 18m,G,6.9,"When Max makes a preposterous promise to a girl he has a crush on, his chances to fulfilling it seem hopeless when he is dragged onto a cross-country trip with his embarrassing father, Goofy.",Kevin Lima
711, Goal II: Living the Dream,2007,1h 55m,PG-13,5.8,"When Newcastle United soccer star Santiago Muñez (Kuno Becker) is offered a spot with Real Madrid, he accepts, but the move - accompanied by big money and fame - tests his ties and loyalties to family, friends, and business acquaintances.",Jaume Collet-Serra
712, Like Mike,2002,1h 39m,PG,5.4,"A 13-year-old orphan becomes an NBA superstar after trying on a pair of sneakers with the faded initials ""MJ"" inside them.",John Schultz
713," Legally Blonde 2: Red, White & Blonde",2003,1h 35m,PG-13,4.8,"Elle Woods heads to Washington, D.C. to join the staff of a Representative in order to pass a bill to ban animal testing.",Charles Herman-Wurmfeld
714, The Karate Kid Part III,1989,1h 52m,PG,5.3,"Ostracised villain John Kreese attempts to gain revenge on Daniel and Miyagi, with the help of a Vietnam War comrade, the wealthy owner of a toxic waste disposal business.",John G. Avildsen
715, Beverly Hills Cop III,1994,1h 44m,R,5.5,"Axel Foley, while investigating a car theft ring, comes across something much bigger than that: the same men who killed his boss are running a counterfeit money ring out of a theme park in Los Angeles.",John Landis
716, Doctor Dolittle,1998,1h 25m,PG-13,5.4,A doctor discovers that he can communicate with animals.,Betty Thomas
717, Jingle All the Way,1996,1h 29m,PG,5.7,"A father vows to get his son a Turbo Man action figure for Christmas. However, every store is sold out, and he must travel all over town and compete with everybody else in order to find one.",Brian Levant
718, Jeepers Creepers 2,2003,1h 44m,R,5.7,"Set a few days after the original, a championship basketball team's bus is attacked by The Creeper, the winged, flesh-eating terror, on the last day of his 23-day feeding frenzy.",Victor Salva
719, Bowfinger,1999,1h 37m,PG-13,6.5,"When a desperate movie producer fails to get a major star for his bargain-basement film, he decides to shoot the film secretly around him.",Frank Oz
720, Spy Kids 2: Island of Lost Dreams,2002,1h 40m,PG,5.3,"The Cortez siblings set out for a mysterious island, where they encounter a genetic scientist and a set of rival spy kids.",Robert Rodriguez
721, The Tuxedo,2002,1h 38m,PG-13,5.4,A hapless chauffeur must take a comatose Secret Agent's place using his special gadget-laden tuxedo.,Kevin Donovan
722, Asterix & Obelix: Mission Cleopatra,2002,1h 47m,PG,6.7,"Cleopatra, queen of Egypt, believes she can build a temple in record time and makes a bet with Julius Caesar. Her architect, however, needs the help of Asterix and Obelix to fight Romans who try to stop the construction.",Alain Chabat
723, Open Water,2003,1h 19m,R,5.8,Based on the true story of two scuba divers accidentally stranded in shark infested waters after their tour boat has left.,Chris Kentis
724, The Great Mouse Detective,1986,1h 14m,G,7.1,"Basil, the rodent Sherlock Holmes, investigates the kidnapping of a toy maker and uncovers its link to his archenemy, Professor Ratigan.",Ron Clements
725, RoboCop 3,1993,1h 44m,PG-13,4.2,"Robocop saves the day once more. This time the half man/half robot takes on ruthless developers who want to evict some people on ""their"" land.",Fred Dekker
726, Ravenous,1999,1h 41m,R,6.9,"In a remote military outpost in the 19th century, Captain John Boyd and his regiment embark on a rescue mission which takes a dark turn when they are ambushed by a sadistic cannibal.",Antonia Bird
727, The Animatrix,2003,1h 40m,PG-13,7.3,A collection of nine short films featuring stories related to The Matrix (1999).,Peter Chung
728, Mr,2007,1h 27m,PG-13,5.2,"Taken aback by his mother's wedding announcement, a young man returns home in an effort to stop her from marrying his old high school gym teacher, a man who made middle school hell for generations of students.",Craig Gillespie
729, The Grudge 3,2009,1h 30m,R,4.6,"A young Japanese woman who holds the key to stopping the evil spirit of Kayako, travels to the haunted Chicago apartment from the sequel, to stop the curse of Kayako once and for all.",Toby Wilkins
730, Speed 2: Cruise Control,1997,2h 1m,PG-13,3.9,A computer hacker breaks into the computer system of the Seabourn Legend cruise liner and sets it speeding on a collision course into a gigantic oil tanker.,Jan de Bont
731, Gremlins 2: The New Batch,1990,1h 46m,PG-13,6.4,"The Gremlins are back, and this time, they've taken control of a New York City media mogul's high-tech skyscraper.",Joe Dante
732, A Nightmare on Elm Street 2: Freddy's Revenge,1985,1h 27m,R,5.4,"A teenage boy is haunted in his dreams by deceased child murderer Freddy Krueger, who is out to possess him in order to continue his reign of terror in the real world.",Jack Sholder
733, Dance of the Dead,2008,1h 27m,R,5.8,"On the night of the big High-School Prom, the dead rise to eat the living, and the only people who can stop them are the losers who couldn't get dates to the dance.",Gregg Bishop
734, The Deaths of Ian Stone,2007,1h 27m,R,5.5,"An all-American guy is murdered each day by horrifying pursuers, only to wake up in slightly different lives to experience the terror of being murdered again.",Dario Piana
735, Volcano,1997,1h 44m,PG-13,5.5,A volcano erupts in downtown Los Angeles and a city official and a seismologist try to stop its inevitable flow through the city.,Mick Jackson
736, Police Academy 2: Their First Assignment,1985,1h 27m,PG-13,5.8,When a new gang moves into town it's up to the screwball police team to stop them.,Jerry Paris
737, New Nightmare,1994,1h 52m,R,6.4,A demonic force has chosen Freddy Krueger as its portal to the real world. Can Heather Langenkamp play the part of Nancy one last time and trap the evil trying to enter our world?,Wes Craven
738, The Santa Clause,1994,1h 37m,PG,6.6,"When a man inadvertently makes Santa fall off his roof on Christmas Eve, he finds himself magically recruited to take his place.",John Pasquin
739, Black Knight,2001,1h 35m,PG-13,4.9,"Martin Lawrence plays Jamal, an employee in Medieval World amusement park. After sustaining a blow to the head, he awakens to find himself in 14th century England.",Gil Junger
740, Forrest Gump,1994,2h 22m,PG-13,8.8,"The history of the United States from the 1950s to the '70s unfolds from the perspective of an Alabama man with an IQ of 75, who yearns to be reunited with his childhood sweetheart.",Robert Zemeckis
741, Titanic,1997,3h 14m,PG-13,7.9,"A seventeen-year-old aristocrat falls in love with a kind but poor artist aboard the luxurious, ill-fated R.M.S. Titanic.",James Cameron
742, Memento,2000,1h 53m,R,8.4,"Leonard Shelby, an insurance investigator, suffers from anterograde amnesia and uses notes and tattoos to hunt for the man he thinks killed his wife, which is the last thing he remembers.",Christopher Nolan
743, American History X,1998,1h 59m,R,8.5,"Living a life marked by violence, neo-Nazi Derek finally goes to prison after killing two black youths. Upon his release, Derek vows to change; he hopes to prevent his brother, Danny, who idolizes Derek, from following in his footsteps.",Tony Kaye
744, V for Vendetta,2005,2h 12m,R,8.1,"In a future British dystopian society, a shadowy freedom fighter, known only by the alias of ""V"", plots to overthrow the tyrannical government - with the help of a young woman.",James McTeigue
745, Goodfellas,1990,2h 25m,R,8.7,"The story of Henry Hill and his life in the mafia, covering his relationship with his wife Karen and his mob partners Jimmy Conway and Tommy DeVito.",Martin Scorsese
746, Iron Man,2008,2h 6m,PG-13,7.9,"After being held captive in an Afghan cave, billionaire engineer Tony Stark creates a unique weaponized suit of armor to fight evil.",Jon Favreau
747, Casino Royale,2006,2h 24m,PG-13,8,"After earning a licence to kill, secret agent James Bond sets out on his first mission as 007. Bond must defeat a private banker funding terrorists in a high-stakes game of poker at Casino Royale, in Montenegro.",Martin Campbell
748, Spider-Man,2002,2h 1m,PG-13,7.4,"After being bitten by a genetically-modified spider, a shy teenager gains spider-like abilities that he uses to fight injustice as a masked superhero and face a vengeful enemy.",Sam Raimi
749, Pirates of the Caribbean: Dead Man's Chest,2006,2h 31m,PG-13,7.4,"Jack Sparrow races to recover the heart of Davy Jones to avoid enslaving his soul to Jones' service, as other friends and foes seek the heart for their own agenda as well.",Gore Verbinski
